TriggerID,GRBName,tmin,tmin_err,tmin_upp_lim,tS_N,tS_N_err,T90,T90_err,tStart,tStop,Xtmin,XtS_N,z
80714086,080714B,0.821,0.223,FALSE,0.522,0.045,5.376,2.360,-3.437,7.283,0.9,0.57,NA
80714425,080714C,1.984,1.040,FALSE,1.241,0.108,40.192,1.145,-22.987,55.766,0.64,0.4,NA
80714745,080714A,1.384,0.143,FALSE,0.620,0.054,59.649,11.276,-29.747,88.936,0.74,0.33,NA
80715950,080715A,0.101,NA,TRUE,0.011,0.001,7.872,0.272,-2.203,11.867,0.9,0.2,NA
80717543,080717A,0.568,0.194,FALSE,0.369,0.032,36.609,2.985,-23.414,49.420,0.53,0.34,NA
80719529,080719A,1.990,0.830,FALSE,1.241,0.108,16.128,17.887,-12.339,19.739,0.64,0.4,NA
80723557,080723B,0.040,0.017,FALSE,0.027,0.002,58.369,1.985,-0.180,89.694,0.22,0.15,NA
80723913,080723C,0.013,0.004,FALSE,0.008,0.001,0.192,0.345,-0.160,0.224,0.96,0.58,NA
80723985,080723D,0.309,NA,TRUE,0.065,0.006,42.817,0.659,-4.995,66.909,0.29,0.13,NA
80724401,080724A,0.129,NA,TRUE,0.016,0.001,379.397,2.202,-10.638,390.213,0.5,0.13,NA
80725435,080725A,1.700,NA,TRUE,0.439,0.038,25.920,1.208,-14.091,35.934,0.28,0.15,NA
80725541,080725B,0.266,NA,TRUE,0.065,0.006,0.960,1.292,-0.603,1.230,0.9,0.35,NA
80727964,080727C,0.883,NA,TRUE,0.369,0.032,89.089,6.476,-31.416,90.623,0.27,0.2,NA
80730520,080730A,0.794,NA,TRUE,0.184,0.016,17.408,6.229,-9.197,25.429,0.28,0.12,NA
80730786,080730B,0.297,NA,TRUE,0.046,0.004,13.312,4.222,-7.171,19.295,0.57,0.11,NA
80802386,080802A,0.017,0.006,FALSE,0.011,0.001,0.576,0.091,-0.352,0.796,0.69,0.45,NA
80803772,080803A,1.326,0.295,FALSE,0.738,0.064,26.240,1.691,-13.245,38.973,0.6,0.33,NA
80804456,080804B,1.538,NA,TRUE,0.522,0.045,501.830,6.476,-27.198,493.126,0.34,0.32,NA
80804972,080804A,0.702,0.338,FALSE,0.439,0.038,24.704,1.460,-11.880,37.273,0.26,0.16,2.2
80805496,080805B,1.551,0.340,FALSE,0.620,0.054,29.440,3.566,-6.944,42.221,0.59,0.24,NA
80805584,080805C,4.656,1.341,FALSE,2.087,0.181,65.665,14.676,-25.892,93.609,0.6,0.27,NA
80806584,080806A,0.659,0.290,FALSE,0.310,0.027,2.304,0.453,-3.254,1.138,0.66,0.31,NA
80806896,080806B,0.538,NA,TRUE,0.130,0.011,75.777,4.185,-35.328,64.275,0.33,0.14,NA
80807993,080807A,0.009,0.003,FALSE,0.007,0.001,19.072,0.181,-9.447,27.148,0.39,0.3,NA
80808451,080808A,0.853,0.267,FALSE,0.522,0.045,4.352,0.832,-3.696,4.376,0.85,0.52,NA
80808565,080808B,2.298,0.106,FALSE,0.522,0.045,17.728,1.489,-6.343,28.211,0.55,0.12,NA
80808772,080808C,1.610,0.709,FALSE,1.043,0.090,211.970,6.557,-170.562,146.090,0.68,0.44,NA
80809808,080809A,4.629,NA,TRUE,1.043,0.090,28.160,2.896,-21.022,32.482,0.61,0.25,NA
80810549,080810A,0.102,0.040,FALSE,0.065,0.006,107.457,15.413,-28.134,114.761,0.43,0.28,3.35
80812889,080812A,0.486,0.311,FALSE,0.310,0.027,15.040,0.462,-9.237,18.738,0.61,0.39,NA
80815917,080815A,0.258,NA,TRUE,0.110,0.010,0.832,0.320,-0.730,0.927,0.62,0.52,NA
80816503,080816A,0.152,NA,TRUE,0.033,0.003,64.769,1.810,-1.421,84.710,0.45,0.18,NA
80816989,080816B,0.083,0.019,FALSE,0.039,0.003,4.608,0.453,-0.141,6.805,0.59,0.27,NA
80817161,080817A,0.243,0.070,FALSE,0.110,0.010,60.289,0.466,-23.013,89.108,0.15,0.07,NA
80817720,080817B,0.043,0.018,FALSE,0.023,0.002,4.416,0.363,-2.274,6.526,0.59,0.31,NA
80818579,080818A,0.229,0.070,FALSE,0.078,0.007,59.329,8.749,-28.682,85.806,0.5,0.17,NA
80818945,080818B,0.493,NA,TRUE,0.155,0.013,13.376,0.410,-7.141,19.445,0.45,0.3,NA
80821332,080821A,0.305,0.118,FALSE,0.155,0.013,5.888,0.264,-4.199,7.503,0.29,0.15,NA
80823363,080823A,0.675,0.207,FALSE,0.310,0.027,43.457,1.717,-5.181,63.888,0.34,0.15,NA
80824909,080824A,0.117,0.019,FALSE,0.046,0.004,7.424,2.005,-5.754,7.825,0.57,0.22,NA
80825593,080825C,0.248,NA,TRUE,0.023,0.002,20.992,0.231,-1.418,32.569,0.5,0.07,NA
80828189,080828B,0.135,NA,TRUE,0.078,0.007,3.008,3.329,-1.621,4.379,0.66,0.8,NA
80829790,080829A,1.534,NA,TRUE,0.310,0.027,7.680,0.377,-4.122,11.162,0.52,0.19,NA
80830368,080830A,0.294,0.220,FALSE,0.184,0.016,40.896,5.069,-21.972,59.788,0.38,0.24,NA
80831053,080831A,0.017,NA,TRUE,0.004,0.001,0.576,1.168,-0.576,0.572,0.88,0.53,NA
80831921,080831B,0.797,0.349,FALSE,0.522,0.045,74.497,1.243,-32.933,106.344,0.41,0.27,NA
80904886,080904A,0.193,0.041,FALSE,0.078,0.007,17.344,1.385,-9.587,23.359,0.31,0.13,NA
80905499,080905A,0.012,0.003,FALSE,0.008,0.001,0.960,0.345,-0.539,1.371,0.87,0.56,0.1218
80905570,080905C,0.447,0.245,FALSE,0.310,0.027,26.624,2.896,-19.918,32.523,0.36,0.25,NA
80905705,080905B,3.071,NA,TRUE,0.738,0.064,105.984,6.802,-23.660,123.652,0.78,0.34,2.374
80906212,080906B,0.173,0.024,FALSE,0.065,0.006,2.875,0.767,-1.426,4.294,0.27,0.1,NA
80912360,080912A,4.072,NA,TRUE,0.620,0.054,16.384,2.896,-11.184,21.412,0.77,0.17,NA
80913735,080913B,0.124,0.090,FALSE,0.065,0.006,41.217,7.281,-20.617,61.371,0.52,0.28,NA
80916009,080916C,0.160,NA,TRUE,0.039,0.003,62.977,0.810,-14.295,87.070,0.24,0.11,NA
80916406,080916A,1.639,0.197,FALSE,0.522,0.045,46.337,7.173,-22.503,69.674,0.56,0.18,0.689
80919790,080919B,0.011,0.001,FALSE,0.004,0.001,0.512,0.405,-0.382,0.637,0.98,0.4,NA
80920268,080920A,9.473,1.615,FALSE,4.174,0.362,113.921,3.125,-33.216,163.865,0.82,0.36,NA
80924766,080924A,0.467,0.064,FALSE,0.219,0.019,39.937,4.222,-27.818,48.429,0.55,0.26,NA
80925775,080925A,0.350,NA,TRUE,0.078,0.007,31.744,3.167,-16.746,46.099,0.24,0.08,NA
80927480,080927A,2.257,0.790,FALSE,1.043,0.090,45.313,3.083,-22.579,67.568,0.42,0.2,NA
80928628,080928A,0.344,NA,TRUE,0.110,0.010,14.336,4.007,-8.896,19.600,0.75,0.41,1.692
81003644,081003C,0.546,NA,TRUE,0.155,0.013,50.177,3.692,-21.521,65.256,0.69,0.46,NA
81006604,081006A,0.620,NA,TRUE,0.219,0.019,6.400,0.923,-3.424,9.312,0.69,0.58,NA
81006872,081006B,0.134,0.067,FALSE,0.092,0.008,3.328,1.305,-2.163,4.477,0.75,0.52,NA
81008832,081008A,1.260,NA,TRUE,0.261,0.023,150.015,12.892,-29.594,201.406,0.3,0.2,1.9685
81009140,081009A,0.163,0.013,FALSE,0.039,0.003,41.345,0.264,-3.900,61.004,0.14,0.03,NA
81009690,081009B,0.601,NA,TRUE,0.219,0.019,176.191,2.127,-25.547,194.678,0.21,0.18,NA
81012045,081012B,0.023,NA,TRUE,0.005,0.001,1.216,1.748,-1.174,1.238,0.93,0.61,NA
81012549,081012A,2.163,NA,TRUE,0.522,0.045,30.721,5.615,-20.507,40.626,0.52,0.28,NA
81017474,081017B,1.446,NA,TRUE,0.219,0.019,28.416,2.757,-27.044,29.472,0.77,0.38,NA
81021398,081021A,2.008,NA,TRUE,0.620,0.054,26.112,3.974,-3.499,29.125,0.43,0.29,NA
81022364,081022A,1.982,0.290,FALSE,0.877,0.076,17.152,3.727,-11.056,23.052,0.74,0.33,NA
81024245,081024A,0.086,0.009,FALSE,0.039,0.003,0.832,1.282,-1.242,0.415,1.02,0.46,NA
81024851,081024C,5.151,0.941,FALSE,2.482,0.215,56.065,2.064,-8.117,82.139,0.32,0.16,NA
81024891,081024B,0.056,NA,TRUE,0.016,0.001,0.640,0.264,-0.381,0.893,0.81,0.54,NA
81025349,081025A,0.196,NA,TRUE,0.065,0.006,22.528,0.724,-11.667,24.815,0.37,0.32,NA
81028538,081028B,0.350,NA,TRUE,0.078,0.007,13.312,1.280,-14.531,11.935,0.41,0.23,NA
81101167,081101C,4.574,NA,TRUE,1.043,0.090,9.984,9.051,-8.389,6.980,1.05,0.72,NA
81101491,081101A,0.072,0.010,FALSE,0.033,0.003,0.128,0.091,-0.128,0.128,0.95,0.43,NA
81101532,081101B,0.158,NA,TRUE,0.055,0.005,8.256,0.889,-2.456,12.047,0.27,0.25,NA
81102365,081102B,0.081,0.015,FALSE,0.046,0.004,1.728,0.231,-0.923,2.517,0.7,0.4,NA
81102739,081102A,7.327,NA,TRUE,0.620,0.054,34.817,2.415,-9.686,51.562,1.36,0.22,NA
81105614,081105B,0.036,0.005,FALSE,0.019,0.002,1.280,1.368,-0.698,1.850,1.01,0.54,NA
81107321,081107A,0.034,0.012,FALSE,0.019,0.002,1.664,0.234,-0.935,2.302,0.3,0.17,NA
81109293,081109A,5.608,NA,TRUE,1.476,0.128,58.369,5.221,-25.721,80.494,0.46,0.18,NA
81110601,081110A,0.291,0.011,FALSE,0.078,0.007,11.776,2.573,-5.581,17.821,0.63,0.17,NA
81113230,081113A,0.012,0.005,FALSE,0.008,0.001,0.576,1.350,-0.288,0.860,0.63,0.42,NA
81115891,081115A,0.158,NA,TRUE,0.046,0.004,0.320,0.653,-0.350,0.286,0.77,0.52,NA
81118876,081118B,0.962,NA,TRUE,0.155,0.013,20.736,1.379,-2.143,31.216,0.31,0.1,NA
81119184,081119A,0.333,NA,TRUE,0.078,0.007,0.320,0.680,-0.478,0.158,1.12,0.64,NA
81120618,081120A,0.467,NA,TRUE,0.184,0.016,25.344,0.923,-13.827,36.599,0.23,0.22,NA
81121858,081121A,0.203,0.030,FALSE,0.092,0.008,41.985,8.510,-5.898,62.110,0.57,0.26,2.512
81122520,081122A,0.102,NA,TRUE,0.023,0.002,23.296,2.111,-11.796,34.532,0.43,0.18,NA
81122614,081122B,0.012,0.002,FALSE,0.007,0.001,0.192,0.091,-0.160,0.224,0.73,0.4,NA
81124060,081124A,0.955,0.040,FALSE,0.184,0.016,19.456,1.086,-9.127,29.559,0.43,0.08,NA
81125496,081125A,0.326,NA,TRUE,0.078,0.007,9.280,0.607,-4.082,14.386,0.19,0.1,NA
81126899,081126A,0.635,NA,TRUE,0.110,0.010,54.145,0.923,-29.069,62.968,0.47,0.15,NA
81129161,081129A,0.123,0.093,FALSE,0.065,0.006,62.657,7.318,-28.029,93.493,0.27,0.14,NA
81130212,081130A,0.006,0.002,FALSE,0.004,0.001,2.240,1.002,-1.173,3.285,0.88,0.53,NA
81130629,081130B,0.685,NA,TRUE,0.184,0.016,45.569,3.908,-38.657,19.081,0.49,0.2,NA
81204004,081204C,0.434,NA,TRUE,0.110,0.010,7.424,1.846,-9.309,5.457,0.57,0.26,NA
81204517,081204B,0.037,NA,TRUE,0.008,0.001,0.192,0.286,-0.160,0.224,0.95,0.36,NA
81206275,081206A,10.133,NA,TRUE,1.043,0.090,24.576,5.724,-23.623,25.497,0.84,0.21,NA
81206604,081206B,1.859,0.239,FALSE,0.620,0.054,7.936,4.382,-5.984,9.856,0.88,0.29,NA
81206987,081206C,7.263,NA,TRUE,1.476,0.128,22.528,2.919,-17.043,27.771,0.99,0.31,NA
81207680,081207A,0.346,0.150,FALSE,0.261,0.023,97.282,2.347,-26.296,131.297,0.17,0.12,NA
81209981,081209A,0.007,NA,TRUE,0.004,0.001,0.192,0.143,-0.160,0.224,0.45,0.47,NA
81213173,081213A,0.020,NA,TRUE,0.004,0.001,0.256,0.286,-0.384,0.128,0.87,0.52,NA
81215784,081215A,0.042,0.004,FALSE,0.010,0.001,5.568,0.143,-1.544,9.520,0.3,0.07,NA
81215880,081215B,0.481,0.082,FALSE,0.184,0.016,7.680,2.064,-4.058,11.226,0.94,0.36,NA
81216531,081216A,0.028,NA,TRUE,0.008,0.001,0.768,0.429,-0.377,1.151,0.39,0.2,NA
81217983,081217A,0.268,NA,TRUE,0.065,0.006,29.696,12.892,-12.112,29.737,0.26,0.16,NA
81221681,081221A,0.600,NA,TRUE,0.130,0.011,29.697,0.410,-2.773,47.683,0.2,0.06,2.26
81222204,081222A,0.176,0.088,FALSE,0.092,0.008,18.880,2.318,-8.962,28.043,0.14,0.07,2.77
81223419,081223A,0.082,0.010,FALSE,0.033,0.003,0.576,0.143,-0.352,0.796,0.61,0.24,NA
81224887,081224A,0.544,0.052,FALSE,0.155,0.013,16.448,1.159,-0.341,25.306,0.25,0.07,NA
81225257,081225A,0.497,NA,TRUE,0.155,0.013,41.217,5.667,-31.733,42.839,0.41,0.37,NA
81226044,081226A,0.143,0.024,FALSE,0.065,0.006,0.832,1.032,-0.602,1.055,0.87,0.4,NA
81226156,081226C,0.829,NA,TRUE,0.261,0.023,65.793,1.619,-55.553,24.607,0.63,0.31,NA
81226509,081226B,0.061,0.015,FALSE,0.033,0.003,0.192,0.143,-0.160,0.224,0.82,0.44,NA
81229187,081229A,0.141,0.026,FALSE,0.055,0.005,0.768,0.724,-0.633,0.895,0.8,0.31,NA
81230871,081230B,0.620,NA,TRUE,0.261,0.023,0.512,0.272,-0.382,0.637,0.69,0.99,NA
81231140,081231A,0.089,0.057,FALSE,0.055,0.005,28.736,2.611,-11.869,41.550,0.31,0.19,NA
90101758,090101A,0.815,0.278,FALSE,0.369,0.032,108.802,1.619,-20.076,128.980,0.25,0.11,NA
90102122,090102A,0.033,0.013,FALSE,0.019,0.002,26.624,0.810,-11.645,41.329,0.31,0.18,1.547
90107681,090107B,1.404,NA,TRUE,0.522,0.045,18.432,2.896,-11.178,25.478,0.65,0.59,NA
90108020,090108A,0.043,0.008,FALSE,0.014,0.001,0.704,0.143,-0.414,0.985,0.45,0.14,NA
90108322,090108B,0.038,0.006,FALSE,0.016,0.001,0.192,0.143,-0.160,0.202,0.78,0.33,NA
90109332,090109A,0.266,NA,TRUE,0.130,0.011,1.728,0.820,-1.115,2.325,0.91,0.95,NA
90112332,090112A,0.480,0.053,FALSE,0.219,0.019,58.369,4.783,-31.537,72.344,0.76,0.35,NA
90112729,090112B,0.101,0.059,FALSE,0.055,0.005,14.080,5.126,-7.738,20.141,0.18,0.1,NA
90113778,090113A,0.136,0.062,FALSE,0.065,0.006,17.408,3.238,-10.669,23.957,0.53,0.25,1.7493
90117335,090117B,0.892,NA,TRUE,0.130,0.011,27.264,1.286,-13.895,40.352,0.97,0.27,NA
90117632,090117C,0.402,0.258,FALSE,0.261,0.023,75.777,3.238,-50.177,35.008,0.3,0.2,NA
90117640,090117A,0.138,NA,TRUE,0.039,0.003,15.552,4.580,-12.020,17.972,0.36,0.19,NA
90120627,090120A,0.118,0.027,FALSE,0.078,0.007,1.856,0.181,-1.439,2.260,0.91,0.6,NA
90126227,090126B,1.668,0.140,FALSE,0.522,0.045,5.632,0.810,-4.586,6.654,0.76,0.24,NA
90126245,090126C,0.020,0.009,FALSE,0.014,0.001,0.960,0.231,-0.859,1.051,0.97,0.65,NA
90129880,090129A,0.973,0.054,FALSE,0.310,0.027,16.640,3.328,-4.998,24.621,0.58,0.19,NA
90131090,090131A,0.138,0.005,FALSE,0.033,0.003,35.073,1.056,-2.175,55.674,0.38,0.09,NA
90202347,090202A,0.902,NA,TRUE,0.130,0.011,12.608,0.345,-2.147,19.021,0.69,0.18,NA
90206620,090206A,0.017,0.004,FALSE,0.010,0.001,0.320,0.143,-0.222,0.414,0.58,0.33,NA
90207777,090207A,1.651,0.286,FALSE,0.620,0.054,24.832,3.899,-12.810,35.589,0.55,0.21,NA
90213236,090213A,3.244,1.884,FALSE,2.087,0.181,20.224,6.192,-14.109,26.129,0.8,0.51,NA
90217206,090217A,0.108,NA,TRUE,0.019,0.002,33.280,0.724,-15.762,40.481,0.33,0.11,NA
90219074,090219A,0.282,NA,TRUE,0.055,0.005,0.448,0.272,-0.233,0.608,1.08,0.64,NA
90222179,090222A,0.979,NA,TRUE,0.184,0.016,17.408,3.238,-10.669,23.957,0.7,0.24,NA
90225009,090225A,0.697,NA,TRUE,0.184,0.016,2.176,2.833,-2.749,1.355,0.95,0.8,NA
90227310,090227A,0.069,0.018,FALSE,0.046,0.004,16.189,0.831,-8.015,24.183,0.7,0.47,NA
90227772,090227B,0.005,NA,TRUE,0.001,0.001,1.280,1.026,-0.698,1.837,0.22,0.2,NA
90228204,090228A,0.004,0.001,FALSE,0.001,0.001,0.448,0.143,-0.221,0.672,0.51,0.17,NA
90228976,090228B,2.017,NA,TRUE,0.522,0.045,7.936,1.379,-3.936,11.904,0.68,0.35,NA
90301315,090301B,0.425,0.180,FALSE,0.184,0.016,23.296,2.064,-28.491,17.138,0.4,0.17,NA
90304216,090304A,0.700,NA,TRUE,0.310,0.027,2.816,0.923,-1.658,3.942,0.82,0.74,NA
90305052,090305B,0.029,NA,TRUE,0.008,0.001,1.856,0.580,-0.991,2.708,0.41,0.39,NA
90306245,090306C,2.198,NA,TRUE,0.877,0.076,27.904,14.857,-7.727,38.866,0.59,0.45,NA
90307167,090307B,5.470,NA,TRUE,1.476,0.128,29.440,1.810,-8.042,38.768,0.87,0.54,NA
90308734,090308B,0.010,0.004,FALSE,0.004,0.001,1.664,0.286,-1.146,2.174,0.49,0.21,NA
90309767,090309B,1.183,0.313,FALSE,0.620,0.054,56.513,5.146,-2.549,83.896,0.41,0.22,NA
90310189,090310A,0.502,0.108,FALSE,0.219,0.019,116.930,1.056,-11.521,143.982,0.57,0.25,NA
90316311,090316A,0.099,NA,TRUE,0.019,0.002,10.240,1.557,-14.797,5.581,0.76,0.5,NA
90319622,090319A,0.884,NA,TRUE,0.219,0.019,54.785,2.202,-25.649,69.121,0.59,0.32,NA
90320045,090320C,0.794,0.204,FALSE,0.369,0.032,2.368,0.272,-3.288,1.432,0.86,0.4,NA
90320418,090320A,1.924,0.269,FALSE,0.877,0.076,7.936,1.296,-5.600,10.240,0.94,0.43,NA
90320801,090320B,0.755,NA,TRUE,0.155,0.013,29.184,4.536,-14.960,43.108,0.71,0.29,NA
90323002,090323A,0.103,0.070,FALSE,0.055,0.005,135.170,1.448,-6.138,161.460,0.14,0.07,NA
90326633,090326A,0.313,NA,TRUE,0.092,0.008,16.128,3.208,-17.203,14.875,0.55,0.36,NA
90327404,090327A,0.892,0.612,FALSE,0.620,0.054,14.080,1.379,-3.014,22.330,0.24,0.16,NA
90328401,090328A,0.040,NA,TRUE,0.014,0.001,61.697,1.810,-26.139,91.670,0.2,0.15,NA
90328713,090328B,0.004,0.001,FALSE,0.002,0.001,0.192,1.032,-0.160,0.224,0.49,0.27,NA
90330279,090330A,0.442,NA,TRUE,0.155,0.013,73.473,1.717,-51.969,38.580,0.17,0.15,NA
90331681,090331A,0.042,0.014,FALSE,0.023,0.002,0.832,0.143,-0.474,1.183,0.75,0.42,NA
90403314,090403A,1.350,0.665,FALSE,0.738,0.064,14.848,1.846,-9.658,19.874,0.5,0.27,NA
90405663,090405A,0.044,0.022,FALSE,0.027,0.002,0.448,1.498,-0.285,0.608,0.66,0.41,NA
90409288,090409A,4.008,1.319,FALSE,2.482,0.215,30.337,2.796,-24.130,10.131,0.8,0.49,NA
90411838,090411A,0.154,NA,TRUE,0.033,0.003,21.501,3.237,-4.835,32.144,0.54,0.37,NA
90411991,090411B,0.214,0.041,FALSE,0.130,0.011,14.336,1.086,-4.904,22.160,0.59,0.36,NA
90412061,090412A,0.741,NA,TRUE,0.369,0.032,0.896,0.264,-1.275,0.512,0.82,0.98,NA
90413122,090413A,0.128,0.070,FALSE,0.092,0.008,32.513,4.360,-27.634,26.316,0.52,0.38,NA
90418816,090418C,0.061,0.009,FALSE,0.027,0.002,0.320,0.405,-0.222,0.414,0.95,0.43,NA
90419997,090419B,0.885,0.705,FALSE,0.522,0.045,166.915,11.723,-65.793,183.828,0.24,0.14,NA
90422150,090422A,0.304,0.114,FALSE,0.184,0.016,9.216,0.362,-5.082,13.226,0.78,0.47,NA
90423330,090423A,1.177,0.592,FALSE,0.620,0.054,7.168,2.415,-9.440,4.808,0.63,0.33,8.1
90424592,090424A,0.036,NA,TRUE,0.008,0.001,14.144,0.264,-4.512,21.506,0.21,0.06,0.544
90425377,090425A,0.294,0.040,FALSE,0.110,0.010,75.393,2.450,-3.087,100.937,0.41,0.15,NA
90426066,090426B,0.407,0.175,FALSE,0.261,0.023,16.128,5.152,-9.779,22.299,0.7,0.45,NA
90426690,090426C,0.169,0.086,FALSE,0.130,0.011,7.488,2.496,-4.713,10.023,0.24,0.19,NA
90427644,090427B,1.669,NA,TRUE,0.522,0.045,1.024,0.362,-2.301,-0.261,0.75,1,NA
90427688,090427C,1.316,NA,TRUE,0.261,0.023,12.288,1.280,-7.111,17.327,0.6,0.37,NA
90428441,090428A,0.103,0.056,FALSE,0.046,0.004,3.968,1.506,-2.160,5.760,0.43,0.19,NA
90428552,090428B,1.166,0.181,FALSE,0.439,0.038,31.489,11.846,-24.161,38.484,0.42,0.16,NA
90429530,090429C,1.343,0.336,FALSE,0.620,0.054,14.336,4.007,-9.664,18.832,0.65,0.3,NA
90429753,090429D,0.077,NA,TRUE,0.023,0.002,0.640,0.466,-0.509,0.765,0.48,0.34,NA
90502777,090502A,0.247,0.065,FALSE,0.130,0.011,66.048,1.619,-12.712,74.461,0.59,0.31,NA
90509215,090509A,0.555,NA,TRUE,0.184,0.016,283.844,2.463,-26.945,296.632,0.67,0.57,NA
90510016,090510A,0.005,0.001,FALSE,0.002,0.001,0.960,0.138,-0.523,1.387,0.66,0.29,0.903
90510325,090510B,2.938,NA,TRUE,0.877,0.076,7.424,1.717,-4.701,10.065,0.91,0.5,NA
90511684,090511A,0.596,NA,TRUE,0.219,0.019,7.616,1.605,-5.250,9.950,0.52,0.39,NA
90513916,090513A,3.891,NA,TRUE,1.043,0.090,25.280,7.146,-13.438,36.869,0.43,0.32,NA
90513941,090513B,3.709,1.682,FALSE,2.482,0.215,11.776,2.064,-9.677,13.725,0.7,0.47,NA
90514006,090514A,0.689,0.131,FALSE,0.261,0.023,43.521,1.739,-21.364,65.240,0.47,0.18,NA
90514726,090514B,0.190,NA,TRUE,0.055,0.005,2.240,0.286,-1.749,2.709,0.45,0.21,NA
90514734,090514C,1.021,0.189,FALSE,0.522,0.045,54.401,4.077,-29.469,68.451,0.37,0.19,NA
90516137,090516B,0.683,0.300,FALSE,0.369,0.032,118.018,4.028,-30.772,141.508,0.28,0.15,NA
90516353,090516A,0.415,0.185,FALSE,0.261,0.023,123.074,2.896,-36.097,123.449,0.41,0.26,4.109
90516853,090516C,0.331,0.099,FALSE,0.155,0.013,14.464,3.093,-7.258,21.518,0.46,0.22,NA
90518080,090518A,0.479,0.158,FALSE,0.261,0.023,2.048,0.410,-1.658,2.422,0.64,0.35,NA
90518244,090518B,0.279,0.064,FALSE,0.130,0.011,6.784,1.000,-3.744,9.748,0.56,0.26,NA
90519462,090519B,0.652,NA,TRUE,0.155,0.013,91.329,3.692,-27.530,117.668,0.73,0.39,NA
90519881,090519A,0.934,NA,TRUE,0.369,0.032,74.177,5.177,-21.539,109.724,0.63,0.57,3.85
90520832,090520B,0.354,0.062,FALSE,0.184,0.016,0.768,0.834,-0.825,0.703,1.03,0.54,NA
90520850,090520C,0.171,NA,TRUE,0.039,0.003,3.776,0.923,-2.261,5.259,0.59,0.27,NA
90520876,090520D,1.219,0.181,FALSE,0.369,0.032,30.657,0.859,-22.112,15.269,0.35,0.11,NA
90522344,090522A,0.104,0.046,FALSE,0.065,0.006,20.288,6.262,-14.911,25.447,0.56,0.35,NA
90524346,090524A,0.383,NA,TRUE,0.092,0.008,54.337,0.870,-13.415,77.299,0.24,0.1,NA
90528173,090528A,0.994,NA,TRUE,0.439,0.038,35.905,2.187,-24.522,46.919,0.17,0.18,NA
90528516,090528B,0.163,0.047,FALSE,0.065,0.006,79.041,1.088,-25.734,116.538,0.22,0.09,NA
90529310,090529B,0.762,NA,TRUE,0.219,0.019,3.072,0.362,-2.039,4.081,0.8,0.37,NA
90529564,090529C,0.049,NA,TRUE,0.014,0.001,9.853,0.179,-4.389,13.126,0.29,0.13,NA
90530760,090530B,3.443,NA,TRUE,0.620,0.054,127.554,1.319,-2.343,159.632,0.45,0.09,NA
90531775,090531B,0.049,0.012,FALSE,0.027,0.002,0.768,0.231,-0.377,1.151,0.94,0.52,NA
90602564,090602A,0.994,NA,TRUE,0.261,0.023,20.736,7.209,-11.808,29.010,0.51,0.44,NA
90606471,090606A,7.550,NA,TRUE,1.755,0.152,8.064,1.262,-5.274,10.766,0.93,0.79,NA
90608052,090608A,2.164,NA,TRUE,0.439,0.038,21.504,2.290,-27.072,15.712,0.7,0.36,NA
90610648,090610A,0.422,0.150,FALSE,0.219,0.019,6.144,8.136,-7.139,5.079,0.53,0.27,NA
90610723,090610B,1.210,0.545,FALSE,0.738,0.064,144.896,3.367,-5.092,213.677,0.61,0.37,NA
90610883,090610C,2.689,NA,TRUE,0.620,0.054,7.424,1.639,-6.493,8.273,0.81,0.46,NA
90612619,090612A,0.785,0.100,FALSE,0.261,0.023,42.433,2.888,-36.096,10.313,0.55,0.18,NA
90616157,090616A,0.297,0.084,FALSE,0.155,0.013,1.152,1.168,-0.757,1.534,0.73,0.38,NA
90617208,090617A,0.015,0.003,FALSE,0.007,0.001,0.192,0.143,-0.160,0.224,0.54,0.24,NA
90618353,090618A,0.284,0.205,FALSE,0.155,0.013,112.386,1.086,-2.620,146.845,0.09,0.05,0.54
90620400,090620A,0.279,0.034,FALSE,0.078,0.007,13.568,0.724,-6.208,20.776,0.23,0.06,NA
90620901,090620B,0.529,NA,TRUE,0.155,0.013,0.960,0.272,-1.051,0.859,0.8,0.55,NA
90621185,090621A,1.144,0.486,FALSE,0.522,0.045,106.754,14.373,-15.613,157.306,0.23,0.11,NA
90621417,090621C,0.311,NA,TRUE,0.078,0.007,27.008,6.136,-17.122,36.608,0.65,0.32,NA
90621447,090621D,0.344,NA,TRUE,0.184,0.016,26.112,5.655,-13.187,38.751,0.48,0.52,NA
90621922,090621B,0.022,0.004,FALSE,0.010,0.001,0.384,1.032,-0.316,0.447,0.85,0.37,NA
90623107,090623A,0.061,NA,TRUE,0.014,0.001,47.105,2.573,-11.502,69.509,0.54,0.32,NA
90623913,090623B,0.717,NA,TRUE,0.130,0.011,7.168,3.114,-3.450,10.440,0.7,0.22,NA
90625234,090625A,2.531,1.209,FALSE,1.755,0.152,14.336,0.923,-10.688,17.808,0.55,0.38,NA
90625560,090625B,4.831,NA,TRUE,0.620,0.054,11.776,2.673,-7.373,16.029,1.22,0.23,NA
90626189,090626A,0.117,NA,TRUE,0.014,0.001,48.897,2.828,-14.397,74.564,0.44,0.11,NA
90629543,090629A,1.271,NA,TRUE,0.522,0.045,20.480,4.762,-19.656,21.099,0.81,0.72,NA
90630311,090630A,0.415,NA,TRUE,0.110,0.010,2.880,0.320,-2.066,3.666,0.49,0.21,NA
90701225,090701A,0.562,0.079,FALSE,0.184,0.016,4.160,0.692,-5.579,2.699,0.9,0.3,NA
90703329,090703A,0.819,0.473,FALSE,0.522,0.045,8.960,1.864,-6.739,11.091,0.48,0.31,NA
90704242,090704A,5.503,2.061,FALSE,2.482,0.215,69.889,5.724,-27.225,90.872,0.36,0.16,NA
90704783,090704B,1.582,0.496,FALSE,0.620,0.054,19.456,2.064,-11.431,27.255,0.5,0.19,NA
90706283,090706A,0.405,0.164,FALSE,0.261,0.023,119.810,5.030,-35.841,86.191,0.61,0.39,NA
90708152,090708A,2.938,NA,TRUE,0.738,0.064,21.248,3.167,-9.901,27.906,0.6,0.3,NA
90709630,090709B,1.214,NA,TRUE,0.310,0.027,22.272,9.230,-1.837,33.779,0.41,0.19,NA
90711850,090711A,0.103,0.038,FALSE,0.078,0.007,51.969,2.560,-26.687,76.714,0.55,0.42,NA
90712160,090712A,8.746,NA,TRUE,1.755,0.152,87.041,7.799,-65.537,53.241,0.42,0.23,NA
90713020,090713A,2.019,0.648,FALSE,1.043,0.090,82.817,2.318,-21.558,124.998,0.3,0.16,NA
90717034,090717A,0.098,NA,TRUE,0.039,0.003,65.537,1.557,-1.218,98.373,0.12,0.1,NA
90717111,090717B,0.315,NA,TRUE,0.092,0.008,0.384,0.181,-0.316,0.383,1.04,0.67,NA
90718720,090718A,2.821,NA,TRUE,0.877,0.076,76.481,3.416,-27.975,101.277,0.6,0.47,NA
90718762,090718B,0.418,0.028,FALSE,0.065,0.006,23.744,0.802,-8.363,38.879,0.34,0.05,NA
90719063,090719A,0.479,0.037,FALSE,0.092,0.008,11.392,0.466,-4.749,17.897,0.22,0.04,NA
90720276,090720A,1.190,NA,TRUE,0.130,0.011,3.712,0.724,-2.931,4.468,0.82,0.13,NA
90720710,090720B,0.002,0.001,FALSE,0.001,0.001,10.752,1.056,-5.692,15.788,0.5,0.29,NA
90725838,090725A,1.985,0.358,FALSE,0.620,0.054,13.760,1.229,-10.139,17.243,0.68,0.21,NA
90726218,090726B,0.165,0.038,FALSE,0.092,0.008,7.680,0.724,-1.446,9.536,0.25,0.14,NA
90730608,090730A,0.143,0.027,FALSE,0.078,0.007,9.088,1.680,-6.167,11.903,0.71,0.39,NA
90802235,090802A,0.015,0.002,FALSE,0.007,0.001,0.128,0.091,-0.128,0.128,0.72,0.32,NA
90802666,090802B,1.929,NA,TRUE,0.877,0.076,27.520,6.192,-14.390,40.374,0.38,0.28,NA
90804940,090804A,0.406,NA,TRUE,0.065,0.006,5.568,0.362,-0.619,8.944,0.33,0.07,NA
90805622,090805A,0.595,0.235,FALSE,0.369,0.032,46.592,2.318,-23.769,68.925,0.5,0.31,NA
90807832,090807B,0.058,0.021,FALSE,0.033,0.003,17.920,2.757,-10.150,25.510,0.41,0.23,NA
90809978,090809B,0.954,0.016,FALSE,0.130,0.011,11.008,0.320,-4.365,17.525,0.45,0.06,NA
90810659,090810A,2.044,0.777,FALSE,0.877,0.076,123.458,1.747,-26.686,146.130,0.29,0.12,NA
90810781,090810B,1.946,1.098,FALSE,1.241,0.108,62.977,11.865,-2.990,94.598,0.26,0.17,NA
90811696,090811A,0.355,NA,TRUE,0.078,0.007,14.848,1.145,-7.610,21.922,1.1,0.5,NA
90813174,090813A,0.053,NA,TRUE,0.011,0.001,7.552,0.362,-3.360,11.644,0.48,0.19,NA
90814368,090814C,0.010,NA,TRUE,0.005,0.001,0.192,0.143,-0.160,0.224,0.48,0.54,NA
90814950,090814D,0.454,NA,TRUE,0.092,0.008,108.610,8.816,-21.960,111.618,0.56,0.29,NA
90815300,090815A,0.049,0.021,FALSE,0.033,0.003,48.385,1.086,-8.847,70.980,0.16,0.1,NA
90815438,090815B,0.829,0.049,FALSE,0.155,0.013,56.321,18.461,-36.865,47.544,0.53,0.1,NA
90815946,090815D,2.252,0.663,FALSE,1.476,0.128,212.992,1.950,-21.832,257.171,0.51,0.34,NA
90817036,090817A,1.108,0.162,FALSE,0.439,0.038,52.417,10.657,-27.050,65.174,0.6,0.24,NA
90819607,090819A,0.004,0.002,FALSE,0.003,0.001,0.192,0.202,-0.224,0.160,0.9,0.55,NA
90820027,090820A,0.365,NA,TRUE,0.065,0.006,12.416,0.181,28.363,49.691,0.15,0.03,NA
90820509,090820B,0.047,0.027,FALSE,0.033,0.003,15.296,4.610,-2.054,22.700,0.34,0.24,NA
90823133,090823B,0.639,0.273,FALSE,0.439,0.038,63.361,4.545,-53.249,36.723,0.55,0.38,NA
90824918,090824A,5.731,0.883,FALSE,2.087,0.181,59.905,10.014,-30.634,84.973,0.65,0.24,NA
90826068,090826A,0.105,0.048,FALSE,0.078,0.007,8.704,2.862,-5.334,11.978,0.45,0.34,NA
90828099,090828A,0.450,NA,TRUE,0.092,0.008,68.417,3.167,-30.773,86.191,0.25,0.1,NA
90829672,090829A,0.044,0.017,FALSE,0.023,0.002,67.585,2.896,-5.623,97.098,0.12,0.06,NA
90829702,090829B,1.405,0.501,FALSE,0.738,0.064,101.633,2.290,-16.818,153.903,0.3,0.16,NA
90831317,090831A,0.015,0.004,FALSE,0.008,0.001,39.424,0.572,-0.301,58.829,0.49,0.26,NA
90902401,090902A,0.420,NA,TRUE,0.078,0.007,3.200,1.797,-3.888,2.128,0.84,0.29,NA
90902462,090902B,0.009,0.003,FALSE,0.005,0.001,19.328,0.286,-0.573,31.691,0.11,0.07,NA
90904058,090904B,0.278,0.127,FALSE,0.155,0.013,56.065,1.846,-21.726,65.727,0.35,0.19,NA
90904581,090904C,0.428,0.174,FALSE,0.261,0.023,38.401,3.093,-21.379,55.037,0.83,0.51,NA
90907017,090907A,0.289,0.159,FALSE,0.219,0.019,39.489,4.443,-32.220,46.345,0.76,0.58,NA
90907808,090907B,0.038,0.011,FALSE,0.023,0.002,0.832,0.320,-0.666,0.991,0.46,0.28,NA
90908314,090908A,1.285,NA,TRUE,0.261,0.023,67.329,4.700,-59.137,36.253,0.69,0.34,NA
90908341,090908B,1.369,NA,TRUE,0.219,0.019,36.864,0.923,-18.329,55.023,0.76,0.45,NA
90909487,090909A,6.245,0.444,FALSE,1.476,0.128,14.336,2.896,-11.200,17.296,0.97,0.23,NA
90909854,090909B,0.042,NA,TRUE,0.011,0.001,1.152,2.244,-1.333,0.525,0.62,0.53,NA
90910812,090910A,0.333,NA,TRUE,0.110,0.010,53.441,13.334,-7.771,80.939,0.33,0.29,NA
90912660,090912A,8.724,0.682,FALSE,2.482,0.215,147.651,9.718,-4.926,179.624,0.65,0.18,NA
90915650,090915A,0.671,NA,TRUE,0.219,0.019,76.609,1.559,-28.987,113.489,0.41,0.29,NA
90917661,090917A,0.438,0.288,FALSE,0.261,0.023,26.624,1.134,-13.373,39.601,0.52,0.31,NA
90920035,090920A,1.316,NA,TRUE,0.261,0.023,26.624,1.056,-20.792,31.383,0.5,0.35,NA
90922539,090922A,0.383,0.044,FALSE,0.130,0.011,87.041,0.810,-2.671,102.648,0.29,0.1,NA
90922605,090922B,0.200,0.042,FALSE,0.110,0.010,52.736,1.810,-26.293,78.620,0.98,0.54,NA
90924625,090924A,0.053,0.015,FALSE,0.023,0.002,0.352,0.101,-0.237,0.463,0.65,0.29,NA
90925389,090925A,0.806,0.447,FALSE,0.522,0.045,25.472,3.525,-3.385,38.115,0.29,0.19,NA
90926181,090926A,0.029,0.004,FALSE,0.014,0.001,13.760,0.286,-0.782,22.747,0.12,0.05,NA
90926914,090926B,2.353,NA,TRUE,0.620,0.054,55.553,7.638,-15.799,84.173,0.24,0.13,1.24
90927422,090927A,0.167,0.063,FALSE,0.092,0.008,0.512,0.231,-0.446,0.573,0.93,0.52,1.37
90928646,090928A,1.026,NA,TRUE,0.219,0.019,15.616,2.611,-7.994,15.718,0.55,0.23,NA
90929190,090929A,0.046,0.021,FALSE,0.023,0.002,6.174,1.298,-3.060,9.260,0.44,0.22,NA
91002685,091002A,0.403,0.109,FALSE,0.261,0.023,2.752,3.089,-2.712,2.768,0.74,0.48,NA
91003191,091003A,0.041,0.011,FALSE,0.023,0.002,20.224,0.362,-0.688,31.057,0.4,0.23,NA
91005679,091005A,1.041,NA,TRUE,0.310,0.027,6.976,0.572,-8.133,5.787,0.69,0.47,NA
91010113,091010A,0.017,0.011,FALSE,0.011,0.001,5.952,0.143,-1.220,9.056,0.15,0.1,NA
91012783,091012A,0.019,NA,TRUE,0.005,0.001,0.704,2.499,-0.350,1.049,0.68,0.43,NA
91015129,091015B,1.915,NA,TRUE,0.439,0.038,3.840,0.590,-4.205,3.437,1.12,0.42,NA
91017861,091017A,1.783,NA,TRUE,0.219,0.019,2.624,0.462,-2.133,3.081,1.5,0.34,NA
91017985,091017B,3.226,0.642,FALSE,1.476,0.128,44.800,3.367,-23.922,62.094,0.66,0.3,NA
91018957,091018B,0.087,0.018,FALSE,0.046,0.004,0.192,0.286,-0.160,0.224,0.97,0.51,NA
91019750,091019A,0.030,0.003,FALSE,0.014,0.001,0.208,0.172,-0.215,0.199,0.94,0.43,NA
91020900,091020A,1.339,NA,TRUE,0.261,0.023,24.256,7.973,-15.599,32.639,0.37,0.12,1.71
91020977,091020B,0.029,NA,TRUE,0.010,0.001,37.505,0.905,-17.457,57.168,0.37,0.34,NA
91023021,091023A,0.800,0.085,FALSE,0.369,0.032,6.528,1.857,-3.683,9.291,0.82,0.38,NA
91024372,091024A,1.179,NA,TRUE,0.310,0.027,93.954,5.221,-19.493,137.387,0.41,0.27,1.092
91024380,091024A,2.404,NA,TRUE,0.738,0.064,450.569,2.360,-13.943,452.617,0.31,0.17,NA
91026485,091026B,1.152,0.240,FALSE,0.620,0.054,3.328,0.779,-2.547,4.093,0.78,0.42,NA
91026550,091026A,1.236,NA,TRUE,0.439,0.038,8.960,1.379,-9.555,8.275,0.81,0.63,NA
91030613,091030B,0.036,0.016,FALSE,0.023,0.002,19.200,0.871,-8.928,29.280,0.56,0.36,NA
91030828,091030A,0.087,0.038,FALSE,0.055,0.005,98.050,4.128,-30.675,120.306,0.26,0.16,NA
91031500,091031A,0.034,NA,TRUE,0.011,0.001,33.921,0.462,-1.857,52.076,0.36,0.3,NA
91101143,091101A,0.069,0.024,FALSE,0.039,0.003,10.688,0.842,-1.578,16.151,0.33,0.19,NA
91102607,091102A,0.541,NA,TRUE,0.110,0.010,6.656,3.435,-4.071,9.209,0.74,0.51,NA
91103912,091103A,0.329,0.073,FALSE,0.110,0.010,13.568,6.023,-8.768,18.216,0.36,0.12,NA
91106762,091106A,0.059,0.019,FALSE,0.046,0.004,14.592,16.147,-8.509,20.651,0.19,0.15,NA
91107635,091107A,0.485,0.204,FALSE,0.261,0.023,11.008,10.546,-8.269,13.621,0.48,0.26,NA
91109895,091109C,0.253,NA,TRUE,0.039,0.003,30.976,4.580,-20.772,40.838,0.89,0.21,NA
91112737,091112A,1.603,0.854,FALSE,0.738,0.064,24.576,0.923,-12.941,35.933,0.32,0.15,NA
91112928,091112B,1.100,NA,TRUE,0.310,0.027,21.184,0.977,-11.256,30.892,0.36,0.27,NA
91115177,091115A,0.826,NA,TRUE,0.219,0.019,37.376,2.360,-20.202,54.518,0.74,0.48,NA
91117080,091117B,4.017,1.245,FALSE,2.087,0.181,113.664,2.360,-21.271,118.531,0.6,0.31,NA
91120191,091120A,0.096,0.018,FALSE,0.027,0.002,50.177,2.111,-6.942,67.295,0.28,0.08,NA
91122163,091122A,0.369,NA,TRUE,0.092,0.008,1.984,1.925,-2.456,1.504,1,0.45,NA
91123081,091123B,0.851,NA,TRUE,0.184,0.016,15.552,1.866,-17.688,13.236,0.78,0.34,NA
91123298,091123A,0.141,0.038,FALSE,0.078,0.007,604.491,11.676,-3.840,608.587,0.4,0.22,NA
91126333,091126A,0.021,0.006,FALSE,0.011,0.001,0.192,0.091,-0.160,0.224,0.69,0.37,NA
91127976,091127A,0.103,NA,TRUE,0.011,0.001,8.701,0.571,-4.304,13.008,0.42,0.07,0.49
91128285,091128A,0.205,0.075,FALSE,0.110,0.010,87.810,13.662,-25.749,86.635,0.26,0.14,NA
91201089,091201A,6.200,0.791,FALSE,2.951,0.256,12.992,2.010,-14.181,11.649,0.96,0.46,NA
91202072,091202B,0.898,NA,TRUE,0.184,0.016,27.648,3.566,-18.704,36.300,0.66,0.47,NA
91202219,091202C,0.650,NA,TRUE,0.219,0.019,111.106,3.692,-38.913,116.994,0.42,0.39,NA
91207333,091207A,0.035,0.023,FALSE,0.023,0.002,27.073,0.916,-0.616,40.786,0.49,0.32,NA
91208410,091208B,0.151,0.014,FALSE,0.046,0.004,12.480,5.018,-6.306,18.530,0.46,0.14,1.063
91209001,091209A,1.863,NA,TRUE,0.620,0.054,42.945,8.035,-27.314,48.689,0.25,0.19,NA
91215234,091215A,0.825,0.575,FALSE,0.522,0.045,4.352,0.362,-4.208,4.472,0.53,0.34,NA
91219462,091219A,0.234,NA,TRUE,0.092,0.008,8.128,1.866,-4.219,11.939,0.41,0.36,NA
91220442,091220A,1.378,0.053,FALSE,0.310,0.027,18.368,0.590,-2.103,27.824,0.56,0.13,NA
91221870,091221A,0.437,NA,TRUE,0.078,0.007,23.040,5.177,-5.261,33.446,0.37,0.15,NA
91223191,091223A,0.204,0.034,FALSE,0.092,0.008,0.576,0.181,-0.544,0.604,0.86,0.39,NA
91223511,091223B,3.963,NA,TRUE,1.476,0.128,49.725,1.379,-7.269,74.272,0.32,0.22,NA
91224373,091224A,0.057,0.036,FALSE,0.039,0.003,0.768,0.231,-0.569,0.959,0.68,0.46,NA
91227294,091227A,0.387,NA,TRUE,0.078,0.007,21.888,0.889,-9.274,31.423,0.43,0.26,NA
91230260,091230B,3.143,1.630,FALSE,2.087,0.181,62.976,3.874,-26.272,90.204,0.79,0.52,NA
91230712,091230C,5.208,NA,TRUE,1.043,0.090,35.137,3.974,-18.021,49.059,0.86,0.29,NA
91231206,091231A,1.646,0.328,FALSE,0.738,0.064,42.561,3.664,-13.320,66.267,0.42,0.19,NA
91231540,091231B,6.337,NA,TRUE,1.043,0.090,15.616,2.757,-15.418,15.626,1.27,0.52,NA
100101028,100101A,0.338,0.099,FALSE,0.219,0.019,2.816,0.320,-1.658,3.942,1.01,0.66,NA
100101988,100101B,0.889,NA,TRUE,0.184,0.016,1.984,2.049,-1.572,1.952,1.06,0.43,NA
100107074,100107A,0.032,0.008,FALSE,0.019,0.002,0.576,0.465,-0.336,0.812,0.94,0.57,NA
100111176,100111A,0.664,0.189,FALSE,0.310,0.027,19.520,5.367,-20.416,18.428,0.7,0.33,NA
100112418,100112A,1.405,0.528,FALSE,0.877,0.076,23.040,0.572,-15.757,30.093,0.53,0.33,NA
100116897,100116A,0.287,0.072,FALSE,0.130,0.011,102.530,1.485,-11.035,123.266,0.18,0.08,NA
100117879,100117A,0.069,0.013,FALSE,0.033,0.003,0.256,0.834,-0.192,0.320,0.79,0.37,NA
100118100,100118A,0.205,0.066,FALSE,0.110,0.010,9.216,6.720,-5.770,11.434,0.78,0.42,NA
100122616,100122A,0.171,NA,TRUE,0.046,0.004,22.528,2.769,-3.783,38.779,0.13,0.06,NA
100126460,100126A,0.144,0.062,FALSE,0.092,0.008,10.624,12.673,-6.541,14.593,0.79,0.5,NA
100130729,100130A,1.170,NA,TRUE,0.310,0.027,99.074,3.328,-30.885,105.817,0.32,0.14,NA
100130777,100130B,1.626,NA,TRUE,0.310,0.027,86.018,6.988,-30.340,108.120,0.44,0.18,NA
100131730,100131A,0.087,0.009,FALSE,0.033,0.003,3.520,0.453,-1.550,5.454,0.42,0.16,NA
100201588,100201A,2.151,NA,TRUE,0.522,0.045,122.114,1.280,-20.185,147.091,0.29,0.15,NA
100204024,100204A,1.292,0.273,FALSE,0.439,0.038,136.195,27.553,-95.234,58.843,0.24,0.08,NA
100204566,100204B,0.406,NA,TRUE,0.261,0.023,32.513,2.862,-30.401,18.349,0.67,0.84,NA
100204858,100204C,0.140,0.051,FALSE,0.092,0.008,1.920,2.375,-1.590,2.230,0.91,0.6,NA
100205490,100205B,1.480,NA,TRUE,0.261,0.023,14.848,2.290,-8.378,21.154,0.75,0.31,NA
100206563,100206A,0.017,NA,TRUE,0.005,0.001,0.128,0.091,-0.128,0.128,0.37,0.25,NA
100207665,100207A,13.736,NA,TRUE,2.951,0.256,15.360,3.874,-10.419,20.147,1.11,0.48,NA
100207721,100207B,4.675,2.569,FALSE,2.951,0.256,17.728,6.492,-17.995,17.267,0.72,0.45,NA
100208386,100208A,0.156,NA,TRUE,0.092,0.008,0.192,0.264,-0.160,0.224,0.79,1,NA
100210101,100210A,0.945,0.271,FALSE,0.522,0.045,29.184,5.655,-19.253,33.271,0.47,0.26,NA
100211440,100211A,0.468,0.256,FALSE,0.219,0.019,21.376,0.923,-9.949,32.557,0.2,0.09,NA
100212550,100212B,0.235,0.066,FALSE,0.130,0.011,3.773,0.270,-1.871,5.649,0.58,0.32,NA
100212588,100212A,0.396,0.109,FALSE,0.219,0.019,2.496,0.202,-1.692,3.293,0.74,0.41,NA
100216422,100216A,0.045,NA,TRUE,0.010,0.001,0.192,0.143,-0.160,0.224,0.78,0.57,NA
100218194,100218A,3.673,2.832,FALSE,2.482,0.215,29.185,5.813,-17.989,38.912,0.46,0.31,NA
100219026,100219B,2.169,NA,TRUE,0.877,0.076,59.712,4.955,-24.571,76.919,0.46,0.43,NA
100221368,100221A,4.651,0.557,FALSE,1.476,0.128,23.552,1.032,-13.815,31.852,0.72,0.23,NA
100223110,100223A,0.022,NA,TRUE,0.007,0.001,0.256,0.091,-0.192,0.320,0.45,0.29,NA
100224112,100224B,0.125,0.034,FALSE,0.065,0.006,67.329,6.988,-30.345,88.812,0.34,0.18,NA
100225115,100225A,0.277,NA,TRUE,0.046,0.004,12.992,1.925,-3.059,19.137,0.54,0.3,NA
100225249,100225B,5.244,NA,TRUE,2.482,0.215,32.000,20.419,-14.232,47.208,0.75,0.78,NA
100225580,100225C,0.125,0.056,FALSE,0.065,0.006,6.400,1.086,-3.680,9.056,0.19,0.1,NA
100225703,100225D,0.071,0.023,FALSE,0.046,0.004,4.480,1.431,-3.370,5.546,0.74,0.48,NA
100228544,100228A,1.399,0.517,FALSE,0.620,0.054,67.072,4.720,-21.926,98.112,0.65,0.29,NA
100228873,100228B,1.757,NA,TRUE,0.439,0.038,8.704,2.318,-6.358,10.954,0.9,0.34,NA
100301068,100301A,0.010,0.006,FALSE,0.007,0.001,0.960,1.002,-1.371,0.539,0.75,0.47,NA
100301223,100301B,0.163,0.049,FALSE,0.092,0.008,26.625,1.431,-13.438,39.270,0.61,0.35,NA
100304004,100304A,1.076,NA,TRUE,0.310,0.027,181.507,21.682,-30.590,247.104,0.65,0.49,NA
100304534,100304B,0.971,0.268,FALSE,0.522,0.045,19.008,2.782,-18.971,19.029,0.47,0.25,NA
100306199,100306A,4.089,NA,TRUE,0.738,0.064,7.168,2.064,-7.904,6.344,1.01,0.61,NA
100307928,100307A,1.342,0.669,FALSE,0.738,0.064,16.128,2.187,-11.059,21.019,0.43,0.23,NA
100311518,100311A,4.290,NA,TRUE,0.877,0.076,9.024,1.042,-1.568,11.240,1.11,0.4,NA
100313288,100313A,1.788,NA,TRUE,0.184,0.016,12.864,2.099,-9.186,16.406,0.97,0.16,NA
100313509,100313B,6.269,0.384,FALSE,2.087,0.181,34.048,2.996,-15.873,47.782,0.75,0.25,NA
100315361,100315A,5.453,1.239,FALSE,2.482,0.215,35.584,2.290,-22.194,48.610,0.81,0.37,NA
100318611,100318A,1.529,0.303,FALSE,0.877,0.076,18.432,0.923,-10.922,22.050,0.52,0.3,NA
100322045,100322A,0.060,0.021,FALSE,0.033,0.003,37.121,0.231,-14.268,51.435,0.16,0.09,NA
100323542,100323A,1.659,NA,TRUE,0.310,0.027,60.673,3.620,-21.511,70.692,0.69,0.25,NA
100324172,100324B,0.213,NA,TRUE,0.027,0.002,17.920,2.064,-8.294,27.366,0.39,0.07,NA
100325246,100325B,0.582,0.123,FALSE,0.261,0.023,8.192,1.086,-5.270,10.681,0.67,0.3,NA
100325275,100325A,0.100,0.064,FALSE,0.065,0.006,7.104,1.619,-1.346,10.226,0.42,0.27,NA
100326294,100326A,0.133,NA,TRUE,0.046,0.004,5.632,2.064,-8.170,3.070,0.87,0.69,NA
100326402,100326B,0.451,NA,TRUE,0.184,0.016,171.011,29.126,-72.705,106.679,0.28,0.26,NA
100328141,100328A,0.012,NA,TRUE,0.004,0.001,0.384,0.143,-0.252,0.511,0.8,0.51,NA
100330309,100330A,0.202,NA,TRUE,0.078,0.007,10.048,0.318,-3.207,15.066,0.28,0.22,NA
100330856,100330B,0.830,0.165,FALSE,0.310,0.027,5.120,0.453,-3.686,6.502,0.82,0.31,NA
100401297,100401A,0.575,NA,TRUE,0.092,0.008,92.416,4.291,-28.449,102.759,0.84,0.29,NA
100406758,100406A,0.589,0.112,FALSE,0.310,0.027,5.888,2.919,-4.199,7.503,0.84,0.44,NA
100410356,100410A,1.862,0.586,FALSE,1.241,0.108,9.728,2.202,-10.707,8.635,0.78,0.52,NA
100410740,100410B,0.274,NA,TRUE,0.046,0.004,22.016,4.700,-11.930,31.850,0.92,0.41,NA
100411516,100411A,0.053,0.019,FALSE,0.033,0.003,0.512,0.231,-0.318,0.701,0.89,0.55,NA
100413732,100413A,0.579,0.169,FALSE,0.369,0.032,179.651,2.817,-18.053,193.922,0.62,0.4,NA
100414097,100414A,0.026,0.007,FALSE,0.014,0.001,26.497,2.073,-11.269,41.427,0.18,0.09,NA
100417166,100417A,0.008,0.004,FALSE,0.005,0.001,0.192,0.091,-0.160,0.224,0.69,0.44,NA
100417789,100417B,4.668,0.775,FALSE,2.482,0.215,52.545,1.856,-14.351,76.018,0.92,0.49,NA
100420008,100420B,0.796,0.222,FALSE,0.369,0.032,20.288,0.405,-9.855,29.691,0.39,0.18,NA
100421917,100421A,1.544,NA,TRUE,0.369,0.032,47.489,10.849,-30.454,30.321,0.55,0.28,NA
100423244,100423B,0.310,NA,TRUE,0.046,0.004,16.512,2.226,-6.579,25.100,0.65,0.24,NA
100424729,100424B,0.470,0.127,FALSE,0.261,0.023,175.107,1.493,-29.411,163.199,0.66,0.36,NA
100424876,100424C,0.361,NA,TRUE,0.078,0.007,169.987,3.557,-15.379,208.994,0.5,0.21,NA
100427356,100427A,0.500,NA,TRUE,0.130,0.011,12.544,7.389,-11.075,11.246,0.52,0.26,NA
100429999,100429A,5.330,NA,TRUE,0.620,0.054,25.024,6.582,-25.154,24.635,0.9,0.16,NA
100502356,100502A,0.255,NA,TRUE,0.078,0.007,95.810,2.382,-14.519,124.391,0.42,0.31,NA
100503554,100503A,0.093,NA,TRUE,0.023,0.002,129.602,10.230,-14.648,169.384,0.36,0.26,NA
100504806,100504A,7.929,0.893,FALSE,2.951,0.256,16.512,1.810,-6.963,25.871,0.9,0.34,NA
100506653,100506A,2.295,NA,TRUE,0.522,0.045,21.376,1.891,-18.525,23.768,0.42,0.21,NA
100507577,100507A,0.578,0.222,FALSE,0.369,0.032,44.033,5.221,-17.746,65.012,0.26,0.17,NA
100510810,100510A,5.659,NA,TRUE,0.877,0.076,31.169,4.017,-18.725,43.284,0.86,0.19,NA
100511035,100511A,0.082,0.017,FALSE,0.027,0.002,42.433,1.478,-19.539,64.452,0.34,0.12,NA
100513879,100513B,0.376,0.150,FALSE,0.219,0.019,11.136,1.145,-6.288,15.840,0.23,0.14,NA
100515467,100515A,0.193,NA,TRUE,0.055,0.005,10.624,1.431,-5.901,15.233,0.19,0.09,NA
100516369,100516A,0.061,NA,TRUE,0.016,0.001,2.112,1.134,-2.971,1.228,0.94,0.69,NA
100516396,100516B,0.084,0.046,FALSE,0.055,0.005,0.640,0.487,-0.893,0.381,0.86,0.56,NA
100517072,100517B,0.069,0.036,FALSE,0.039,0.003,55.808,1.810,-4.270,81.104,0.22,0.12,NA
100517132,100517C,0.693,0.393,FALSE,0.522,0.045,19.840,3.620,-10.333,29.149,0.52,0.39,NA
100517154,100517D,0.186,NA,TRUE,0.039,0.003,30.464,0.810,-15.333,45.282,0.46,0.2,NA
100517243,100517E,1.080,NA,TRUE,0.184,0.016,29.632,4.482,-28.161,30.782,0.85,0.24,NA
100517639,100517F,0.219,NA,TRUE,0.039,0.003,5.440,0.604,-3.461,7.365,0.56,0.23,NA
100519204,100519A,0.961,0.465,FALSE,0.522,0.045,62.913,3.929,-21.585,89.748,0.18,0.1,NA
100522157,100522A,0.090,NA,TRUE,0.019,0.002,35.326,0.715,-2.547,52.905,0.58,0.22,NA
100525744,100525A,0.045,0.011,FALSE,0.023,0.002,1.472,1.974,-1.119,1.816,0.85,0.44,NA
100527795,100527A,0.230,NA,TRUE,0.065,0.006,184.579,3.238,-92.674,120.498,0.49,0.3,NA
100528075,100528A,0.428,NA,TRUE,0.078,0.007,22.464,0.749,-11.378,33.318,0.19,0.07,NA
100530737,100530A,0.965,0.403,FALSE,0.620,0.054,3.328,0.810,-2.675,3.965,0.81,0.52,NA
100604287,100604A,0.416,0.223,FALSE,0.261,0.023,13.440,0.871,-8.957,17.654,0.29,0.18,NA
100605774,100605A,1.562,0.310,FALSE,0.522,0.045,8.192,2.862,-5.085,11.193,0.78,0.26,NA
100608382,100608A,0.545,0.173,FALSE,0.369,0.032,30.208,1.619,-22.606,35.982,0.51,0.34,NA
100609783,100609A,2.015,NA,TRUE,0.522,0.045,230.404,8.689,-9.593,236.935,0.25,0.17,NA
100612545,100612A,0.024,0.007,FALSE,0.016,0.001,0.576,0.181,-0.288,0.860,0.64,0.43,NA
100612726,100612B,0.394,NA,TRUE,0.065,0.006,8.576,3.210,-3.549,13.485,0.2,0.05,NA
100614498,100614B,0.167,0.091,FALSE,0.110,0.010,172.291,12.447,-149.763,22.975,0.33,0.22,NA
100615083,100615A,0.487,0.092,FALSE,0.184,0.016,37.377,0.979,-2.627,51.172,0.38,0.14,1.398
100619015,100619A,0.473,NA,TRUE,0.130,0.011,96.002,1.319,-29.359,113.681,0.42,0.22,NA
100620119,100620A,0.944,NA,TRUE,0.261,0.023,51.841,8.518,-20.497,75.407,0.55,0.36,NA
100621452,100621B,1.532,NA,TRUE,0.310,0.027,123.906,5.515,-29.098,141.884,0.6,0.24,NA
100621529,100621C,0.120,NA,TRUE,0.033,0.003,1.024,0.202,-0.957,1.083,1.02,0.66,NA
100625773,100625A,0.031,0.005,FALSE,0.010,0.001,0.192,0.143,-0.160,0.224,0.92,0.29,NA
100625891,100625B,1.123,0.321,FALSE,0.738,0.064,29.184,1.086,-16.459,36.065,0.54,0.36,NA
100629801,100629A,0.146,0.014,FALSE,0.055,0.005,0.832,0.373,-0.538,1.119,0.76,0.29,NA
100701490,100701B,0.004,NA,TRUE,0.001,0.001,22.016,5.568,-1.790,32.090,0.39,0.33,NA
100704149,100704A,0.413,0.105,FALSE,0.219,0.019,214.404,5.917,-38.145,275.680,0.29,0.15,NA
100706693,100706A,0.295,NA,TRUE,0.065,0.006,0.128,0.143,-0.192,0.064,0.76,0.99,NA
100707032,100707A,0.665,0.012,FALSE,0.078,0.007,81.793,1.218,-2.742,113.386,0.44,0.05,NA
100709602,100709A,1.297,NA,TRUE,0.261,0.023,100.098,1.527,-23.050,138.079,0.52,0.21,NA
100713980,100713B,0.293,0.080,FALSE,0.130,0.011,7.616,0.529,-4.162,11.038,0.45,0.2,NA
100714672,100714A,0.387,NA,TRUE,0.110,0.010,35.584,5.126,-17.988,52.816,1.06,0.75,NA
100714686,100714B,0.101,0.015,FALSE,0.039,0.003,5.632,2.064,-6.122,5.118,0.68,0.26,NA
100715477,100715A,1.559,0.529,FALSE,0.738,0.064,14.848,3.665,-8.378,21.154,0.42,0.2,NA
100717372,100717A,0.053,NA,TRUE,0.016,0.001,5.952,1.507,-3.588,8.352,0.85,0.52,NA
100717446,100717B,0.035,NA,TRUE,0.011,0.001,2.432,1.356,-1.338,3.502,0.71,0.71,NA
100718160,100718B,0.093,NA,TRUE,0.033,0.003,32.640,1.864,-30.925,17.055,0.47,0.41,NA
100718796,100718A,6.240,0.521,FALSE,2.087,0.181,38.656,8.002,-14.291,54.875,0.85,0.28,NA
100719311,100719B,0.480,0.069,FALSE,0.155,0.013,1.600,0.854,-2.120,0.856,0.95,0.31,NA
100719825,100719C,0.672,0.303,FALSE,0.439,0.038,3.072,3.114,-3.861,0.912,0.71,0.46,NA
100719989,100719D,0.039,NA,TRUE,0.014,0.001,21.824,1.305,-8.396,34.153,0.12,0.1,NA
100722096,100722A,0.057,0.013,FALSE,0.019,0.002,7.165,1.055,-3.546,10.702,0.3,0.1,NA
100722291,100722B,0.159,NA,TRUE,0.092,0.008,1.280,0.905,-1.850,0.698,0.8,0.97,NA
100724029,100724A,0.062,0.029,FALSE,0.039,0.003,114.690,3.238,-11.967,145.144,0.08,0.05,NA
100725475,100725B,0.471,0.123,FALSE,0.261,0.023,146.434,4.971,-23.608,160.881,0.49,0.27,NA
100727238,100727A,5.037,NA,TRUE,1.043,0.090,23.808,2.769,-13.678,28.924,0.99,0.36,NA
100728095,100728A,0.090,NA,TRUE,0.027,0.002,165.378,2.896,-7.363,207.605,0.17,0.11,1.567
100728439,100728B,0.174,0.105,FALSE,0.110,0.010,10.240,1.846,-7.117,13.261,0.23,0.14,2.106
100730463,100730A,2.726,0.989,FALSE,1.241,0.108,63.873,8.776,-25.030,93.749,0.44,0.2,NA
100802240,100802A,3.948,0.414,FALSE,1.476,0.128,28.672,3.167,-16.056,40.977,0.77,0.29,NA
100804104,100804A,0.057,0.031,FALSE,0.039,0.003,6.592,0.771,-2.812,9.953,0.16,0.11,NA
100805300,100805B,0.042,NA,TRUE,0.011,0.001,0.064,0.072,-0.128,-0.001,0.88,0.57,NA
100805845,100805C,0.928,0.076,FALSE,0.310,0.027,58.430,6.426,-1.567,87.231,0.6,0.2,NA
100810049,100810A,0.169,0.069,FALSE,0.110,0.010,2.560,1.741,-3.123,1.971,0.59,0.38,NA
100811108,100811A,0.019,NA,TRUE,0.004,0.001,0.384,0.091,-0.252,0.511,0.53,0.27,NA
100811781,100811B,0.278,0.168,FALSE,0.184,0.016,78.080,3.840,-91.642,63.738,0.49,0.33,NA
100814160,100814A,3.299,NA,TRUE,0.522,0.045,150.530,1.619,-23.817,180.890,0.6,0.14,1.44
100814351,100814B,0.482,0.072,FALSE,0.184,0.016,7.424,0.923,-4.445,10.321,0.31,0.12,NA
100816009,100816B,1.320,NA,TRUE,0.522,0.045,62.401,5.278,-22.266,71.334,0.17,0.16,NA
100816026,100816A,0.333,NA,TRUE,0.039,0.003,2.045,0.229,-1.012,3.068,0.42,0.1,0.8049
100819498,100819A,3.737,NA,TRUE,0.738,0.064,12.544,1.810,-11.075,13.879,0.65,0.28,NA
100820373,100820A,0.056,NA,TRUE,0.016,0.001,8.960,2.187,-5.203,12.627,0.28,0.17,NA
100825287,100825A,0.460,0.055,FALSE,0.184,0.016,3.328,1.846,-2.931,3.709,0.51,0.2,NA
100826957,100826A,0.106,NA,TRUE,0.027,0.002,84.993,0.724,-3.774,120.297,0.14,0.06,NA
100827455,100827A,0.010,NA,TRUE,0.004,0.001,0.576,0.389,-0.416,0.732,0.41,0.37,NA
100829374,100829B,1.116,0.186,FALSE,0.369,0.032,94.977,2.767,-11.729,116.467,0.41,0.14,NA
100829876,100829A,0.043,0.003,FALSE,0.011,0.001,8.704,0.389,-4.214,13.098,0.51,0.14,NA
100831651,100831A,2.380,NA,TRUE,1.476,0.128,40.193,11.986,-23.296,37.078,0.65,0.81,NA
100902990,100902B,2.756,0.302,FALSE,0.738,0.064,22.272,3.338,-15.127,29.171,0.63,0.17,NA
100905907,100905B,1.443,NA,TRUE,0.369,0.032,11.520,1.145,-10.310,11.578,0.49,0.23,NA
100906576,100906A,0.303,NA,TRUE,0.065,0.006,110.594,2.828,-4.127,134.098,0.17,0.11,1.727
100907751,100907A,3.082,NA,TRUE,0.219,0.019,5.376,2.187,-4.205,6.515,1.84,0.29,NA
100910818,100910A,0.064,NA,TRUE,0.011,0.001,13.824,0.724,-5.224,22.001,0.47,0.12,NA
100911816,100911A,0.164,0.060,FALSE,0.110,0.010,5.632,1.999,-3.562,7.678,0.7,0.47,NA
100915243,100915B,1.982,0.354,FALSE,1.043,0.090,7.936,3.367,-11.360,4.480,0.96,0.51,NA
100916779,100916A,0.088,0.008,FALSE,0.039,0.003,12.800,2.111,-4.288,18.880,0.88,0.39,NA
100918863,100918A,2.057,NA,TRUE,0.310,0.027,86.017,8.689,-4.822,134.498,0.34,0.08,NA
100919884,100919A,0.692,0.429,FALSE,0.439,0.038,49.601,2.975,-38.401,21.044,0.27,0.17,NA
100922625,100922A,0.817,0.190,FALSE,0.439,0.038,4.352,0.923,-3.184,5.496,0.91,0.49,NA
100923844,100923A,1.057,NA,TRUE,0.155,0.013,51.713,5.838,-17.127,72.830,0.62,0.18,NA
100924165,100924A,0.343,NA,TRUE,0.078,0.007,9.024,0.362,-5.109,12.841,0.52,0.17,NA
100926595,100926A,0.582,NA,TRUE,0.155,0.013,32.256,0.572,-30.222,14.914,0.28,0.19,NA
100926694,100926B,2.261,0.423,FALSE,0.738,0.064,37.888,2.611,-21.894,47.805,0.69,0.23,NA
100929235,100929A,1.612,0.282,FALSE,0.738,0.064,8.192,2.360,-6.365,9.913,0.8,0.37,NA
100929315,100929B,0.466,0.084,FALSE,0.184,0.016,4.608,1.305,-2.797,6.357,0.87,0.35,NA
100929916,100929C,0.036,0.006,FALSE,0.016,0.001,0.320,0.143,-0.286,0.350,0.87,0.39,NA
101002279,101002A,0.874,NA,TRUE,0.261,0.023,7.168,2.290,-7.904,6.344,0.82,0.56,NA
101003244,101003A,0.453,NA,TRUE,0.092,0.008,9.984,1.448,-6.736,13.124,0.36,0.16,NA
101004426,101004A,4.074,1.692,FALSE,2.087,0.181,161.027,7.836,-141.058,27.355,0.54,0.28,NA
101008697,101008A,0.280,0.048,FALSE,0.130,0.011,8.960,1.846,-6.995,10.835,0.96,0.45,NA
101010190,101010A,0.857,0.410,FALSE,0.522,0.045,65.025,6.165,-31.985,74.648,0.63,0.38,NA
101011707,101011A,1.419,NA,TRUE,0.261,0.023,36.352,2.318,-19.047,53.269,1.15,0.64,NA
101013412,101013A,0.084,NA,TRUE,0.016,0.001,15.360,0.572,-7.027,20.314,0.51,0.29,NA
101014175,101014A,0.048,0.003,FALSE,0.016,0.001,449.415,1.410,-13.188,450.823,0.23,0.08,NA
101015558,101015A,0.574,NA,TRUE,0.130,0.011,500.552,7.408,-18.252,498.504,0.42,0.23,NA
101016243,101016A,0.343,0.011,FALSE,0.065,0.006,3.840,0.362,-1.786,4.205,0.62,0.12,NA
101017619,101017B,2.264,0.373,FALSE,1.241,0.108,47.872,1.950,-24.945,70.775,0.86,0.47,NA
101021009,101021A,0.318,0.123,FALSE,0.184,0.016,120.770,12.237,-51.457,89.321,0.32,0.18,NA
101021063,101021B,0.108,NA,TRUE,0.046,0.004,1.536,2.360,-1.235,1.790,0.63,0.55,NA
101023951,101023A,0.468,0.025,FALSE,0.130,0.011,76.801,8.256,-14.464,114.560,0.29,0.08,NA
101024486,101024A,0.102,0.040,FALSE,0.065,0.006,20.224,2.828,-13.908,26.329,0.65,0.42,NA
101025146,101025A,0.503,0.184,FALSE,0.369,0.032,14.336,1.846,-8.896,19.600,0.93,0.69,NA
101026034,101026A,0.017,0.010,FALSE,0.011,0.001,0.256,0.091,-0.256,0.256,0.56,0.36,NA
101027230,101027A,0.022,0.007,FALSE,0.014,0.001,1.344,1.802,-1.947,0.733,0.88,0.54,NA
101030664,101030A,9.810,NA,TRUE,2.087,0.181,95.746,4.375,-69.633,54.959,0.79,0.25,NA
101031625,101031A,0.014,NA,TRUE,0.007,0.001,0.384,0.462,-0.252,0.511,0.54,0.52,NA
101101744,101101A,0.059,0.021,FALSE,0.039,0.003,3.328,2.862,-3.955,2.685,0.38,0.25,NA
101101899,101101B,3.682,1.935,FALSE,1.755,0.152,31.232,1.619,-20.063,37.382,0.42,0.2,NA
101102840,101102A,3.802,NA,TRUE,0.738,0.064,43.520,6.676,-23.251,63.354,0.55,0.33,NA
101104810,101104A,0.148,NA,TRUE,0.055,0.005,1.280,0.572,-1.146,1.402,0.54,0.41,NA
101107011,101107A,0.849,NA,TRUE,0.310,0.027,375.814,8.444,-31.567,378.118,0.38,0.36,NA
101112924,101112A,0.390,0.086,FALSE,0.155,0.013,9.472,2.996,-8.691,8.243,0.47,0.19,NA
101112984,101112B,5.121,NA,TRUE,1.476,0.128,82.944,1.717,-28.320,91.114,0.66,0.28,NA
101113483,101113A,1.198,NA,TRUE,0.261,0.023,12.288,0.572,-4.501,18.095,0.66,0.22,NA
101116481,101116A,0.088,0.034,FALSE,0.055,0.005,0.576,0.820,-0.416,0.732,0.97,0.6,NA
101117496,101117C,0.470,0.093,FALSE,0.261,0.023,50.177,1.639,-5.184,73.065,0.45,0.25,NA
101119685,101119A,0.404,NA,TRUE,0.078,0.007,0.640,0.607,-0.637,0.637,1.14,0.62,NA
101123952,101123A,0.077,NA,TRUE,0.014,0.001,103.938,0.724,-4.124,163.187,0.22,0.07,NA
101126198,101126A,0.177,NA,TRUE,0.039,0.003,43.837,1.747,-11.444,65.679,0.14,0.06,NA
101127093,101127A,2.765,1.240,FALSE,1.476,0.128,29.440,4.471,-17.812,40.774,0.83,0.44,NA
101127102,101127B,5.416,0.520,FALSE,1.755,0.152,60.672,7.322,-30.731,85.736,0.65,0.21,NA
101128322,101128A,1.624,NA,TRUE,0.310,0.027,8.192,1.493,-6.877,9.401,0.61,0.28,NA
101129652,101129A,0.018,0.005,FALSE,0.011,0.001,0.384,0.143,-0.252,0.511,0.53,0.34,NA
101129726,101129B,0.024,NA,TRUE,0.005,0.001,0.576,0.143,-0.346,0.796,0.57,0.35,NA
101130074,101130B,3.312,0.561,FALSE,2.087,0.181,4.864,2.769,-4.714,4.958,1.05,0.66,NA
101201418,101201A,0.844,0.329,FALSE,0.261,0.023,112.639,7.455,-33.282,139.026,0.24,0.07,NA
101202154,101202A,1.458,NA,TRUE,0.877,0.076,18.432,3.665,-9.130,27.526,0.83,0.95,NA
101204343,101204B,0.015,0.003,FALSE,0.007,0.001,0.128,0.091,-0.128,0.128,0.71,0.32,NA
101205309,101205A,3.249,NA,TRUE,0.738,0.064,7.936,5.938,-7.776,8.064,1.06,0.51,NA
101206036,101206A,0.813,NA,TRUE,0.130,0.011,34.813,5.837,-17.091,52.161,0.66,0.22,NA
101207536,101207A,0.068,0.028,FALSE,0.046,0.004,61.441,3.727,-6.013,94.134,0.5,0.34,NA
101208498,101208B,0.097,0.010,FALSE,0.033,0.003,2.048,0.951,-1.658,2.422,0.37,0.13,NA
101211485,101211A,1.092,0.435,FALSE,0.522,0.045,13.568,7.030,-9.536,17.448,0.42,0.2,NA
101213451,101213A,5.901,NA,TRUE,0.877,0.076,45.057,1.950,-22.252,67.828,0.9,0.19,0.414
101213849,101213B,0.069,0.022,FALSE,0.046,0.004,6.656,1.145,-5.095,8.185,0.39,0.26,NA
101214748,101214A,0.038,NA,TRUE,0.007,0.001,2.240,2.084,-2.517,1.941,0.92,0.58,NA
101216721,101216A,0.105,NA,TRUE,0.027,0.002,1.917,0.551,-0.954,2.864,0.2,0.12,NA
101219686,101219B,5.386,0.868,FALSE,2.087,0.181,51.009,1.775,-8.423,72.157,0.56,0.22,0.55
101220576,101220A,7.748,0.937,FALSE,2.951,0.256,72.449,4.048,-21.684,93.495,0.47,0.18,NA
101223834,101223A,20.645,NA,TRUE,2.482,0.215,56.065,5.497,-41.217,42.437,1.44,0.28,NA
101224227,101224A,0.050,0.008,FALSE,0.023,0.002,1.728,1.680,-0.923,2.517,0.88,0.41,NA
101224578,101224B,0.145,NA,TRUE,0.039,0.003,44.737,0.889,-2.649,66.667,0.28,0.21,NA
101224614,101224C,3.617,NA,TRUE,0.620,0.054,25.601,3.416,-15.233,35.711,0.62,0.19,NA
101224998,101224D,0.212,0.073,FALSE,0.130,0.011,18.688,8.719,-19.044,18.130,0.9,0.55,NA
101225377,101225B,0.557,0.141,FALSE,0.310,0.027,81.217,35.377,-7.910,125.258,0.18,0.1,NA
101227195,101227A,0.535,NA,TRUE,0.092,0.008,95.488,1.639,-16.013,141.529,0.9,0.44,NA
101227406,101227B,0.231,0.109,FALSE,0.092,0.008,153.347,2.573,-27.564,185.578,0.28,0.11,NA
101227536,101227C,0.075,NA,TRUE,0.023,0.002,28.865,3.088,-14.500,42.931,0.61,0.32,NA
101231067,101231A,0.098,0.011,FALSE,0.039,0.003,23.614,0.572,-6.265,27.955,0.46,0.18,NA
110101202,110101A,0.208,0.031,FALSE,0.110,0.010,3.584,1.493,-4.080,3.044,1.02,0.54,NA
110101506,110101B,1.915,0.614,FALSE,1.241,0.108,235.523,8.256,-103.425,141.832,0.72,0.47,NA
110102788,110102A,0.206,0.039,FALSE,0.110,0.010,253.956,2.049,-119.426,184.990,0.22,0.12,NA
110105877,110105A,0.276,0.074,FALSE,0.110,0.010,123.394,6.476,-17.725,127.863,0.37,0.15,NA
110106893,110106B,0.671,0.287,FALSE,0.439,0.038,35.521,3.612,-23.837,33.350,0.63,0.41,NA
110107886,110107A,0.330,NA,TRUE,0.078,0.007,183.555,24.406,-61.185,122.967,0.58,0.35,NA
110108977,110108A,1.001,0.542,FALSE,0.738,0.064,51.456,6.955,-19.677,76.516,0.63,0.47,NA
110112934,110112B,0.024,0.012,FALSE,0.016,0.001,2.304,2.538,-2.102,2.474,0.7,0.47,NA
110117364,110117A,32.263,NA,TRUE,19.855,1.720,72.448,9.051,-28.161,89.192,0.89,0.91,NA
110117626,110117B,0.441,NA,TRUE,0.110,0.010,43.264,1.639,-23.640,62.447,0.69,0.36,NA
110118857,110118A,0.334,0.063,FALSE,0.155,0.013,34.561,2.360,-23.346,45.428,0.41,0.19,NA
110119931,110119A,0.280,NA,TRUE,0.130,0.011,205.828,1.864,-26.362,298.834,0.39,0.39,NA
110120666,110120A,0.018,0.007,FALSE,0.011,0.001,28.417,9.793,-13.821,42.695,0.31,0.19,NA
110123804,110123A,0.358,NA,TRUE,0.092,0.008,17.856,0.810,-7.608,27.359,0.14,0.08,NA
110124784,110124A,1.141,0.401,FALSE,0.738,0.064,5.376,2.202,-5.997,4.723,0.86,0.56,NA
110125894,110125A,0.753,NA,TRUE,0.184,0.016,4.800,0.923,-2.520,6.264,0.56,0.22,NA
110128073,110128A,1.594,0.248,FALSE,0.738,0.064,12.160,4.971,-11.843,12.355,0.88,0.41,2.339
110130230,110130A,1.525,NA,TRUE,0.620,0.054,47.360,2.187,-16.863,70.753,0.59,0.47,NA
110131780,110131A,0.252,NA,TRUE,0.092,0.008,0.384,1.478,-0.380,0.383,0.87,0.79,NA
110201399,110201A,1.426,NA,TRUE,0.522,0.045,8.192,0.870,-5.853,10.425,0.67,0.65,NA
110204179,110204A,0.279,0.177,FALSE,0.184,0.016,28.673,6.720,-17.968,39.066,0.28,0.19,NA
110205027,110205B,0.841,0.132,FALSE,0.522,0.045,6.400,3.238,-5.984,6.752,1.01,0.63,NA
110205588,110205C,1.100,0.469,FALSE,0.877,0.076,158.720,2.290,-29.430,170.557,0.76,0.6,NA
110206202,110206B,0.464,0.166,FALSE,0.310,0.027,12.288,1.639,-12.487,11.951,0.86,0.57,NA
110207470,110207A,0.035,NA,TRUE,0.005,0.001,37.888,2.290,-19.642,45.133,0.87,0.42,NA
110207959,110207B,0.662,0.189,FALSE,0.369,0.032,7.680,4.944,-4.570,10.714,0.87,0.48,NA
110209165,110209A,1.042,NA,TRUE,0.310,0.027,5.632,0.916,-6.570,4.670,0.78,0.68,NA
110212550,110212B,0.004,0.001,FALSE,0.003,0.001,0.064,0.036,-0.080,0.048,0.42,0.27,NA
110213220,110213A,0.481,0.046,FALSE,0.155,0.013,34.305,1.639,-17.759,50.155,0.45,0.14,1.46
110213876,110213C,0.072,0.013,FALSE,0.039,0.003,0.320,0.810,-0.286,0.350,1.01,0.55,NA
110217591,110217A,8.528,NA,TRUE,2.087,0.181,60.672,11.611,-17.766,87.176,0.89,0.44,NA
110220761,110220A,0.968,0.099,FALSE,0.219,0.019,33.024,8.738,-18.091,47.619,0.67,0.15,NA
110221244,110221A,2.216,NA,TRUE,0.439,0.038,13.056,1.846,-8.007,17.943,0.64,0.19,NA
110226989,110226A,0.935,0.213,FALSE,0.522,0.045,14.080,0.923,-6.035,18.746,0.49,0.27,NA
110227009,110227A,0.204,NA,TRUE,0.039,0.003,1.728,0.653,-1.051,2.389,0.8,0.54,NA
110227229,110227B,1.162,0.657,FALSE,0.620,0.054,18.432,2.187,-10.154,26.502,0.38,0.2,NA
110227420,110227C,0.834,0.341,FALSE,0.522,0.045,25.600,6.869,-23.936,27.008,0.36,0.23,NA
110228011,110228A,2.126,NA,TRUE,0.439,0.038,44.481,2.834,-30.721,20.031,0.34,0.15,NA
110228792,110228B,4.334,0.930,FALSE,1.476,0.128,17.152,2.360,-12.336,21.772,0.67,0.23,NA
110301214,110301A,0.117,0.007,FALSE,0.027,0.002,5.693,0.362,-2.822,8.538,0.23,0.05,NA
110302043,110302A,1.905,NA,TRUE,0.369,0.032,38.336,2.509,-25.192,46.083,0.7,0.18,NA
110304071,110304A,0.791,NA,TRUE,0.184,0.016,19.520,1.498,-9.333,28.926,0.63,0.25,NA
110307972,110307A,0.101,NA,TRUE,0.016,0.001,2.304,3.444,-2.888,1.642,1.09,0.41,NA
110311812,110311A,1.653,0.372,FALSE,0.620,0.054,6.400,1.639,-4.960,7.776,0.61,0.23,NA
110316139,110316A,0.075,NA,TRUE,0.019,0.002,2.944,2.199,-4.467,1.383,0.94,0.58,NA
110318552,110318A,0.052,0.024,FALSE,0.033,0.003,14.464,1.094,-9.722,17.752,0.19,0.12,NA
110319628,110319C,3.353,1.320,FALSE,1.755,0.152,15.336,1.446,-9.899,20.587,0.55,0.29,NA
110319815,110319B,1.184,0.382,FALSE,0.738,0.064,31.232,5.049,-17.977,44.151,0.65,0.4,NA
110321346,110321A,3.755,0.563,FALSE,1.476,0.128,30.720,10.764,-13.964,41.947,0.76,0.3,NA
110322558,110322A,0.443,NA,TRUE,0.155,0.013,36.097,1.846,-21.973,49.827,0.57,0.49,NA
110328520,110328B,1.131,NA,TRUE,0.219,0.019,141.315,29.767,-32.705,211.743,0.21,0.13,NA
110331604,110331A,0.411,NA,TRUE,0.155,0.013,3.200,0.951,-1.648,4.720,0.52,0.38,NA
110401920,110401A,0.042,0.013,FALSE,0.023,0.002,2.368,1.270,-1.840,2.904,0.59,0.32,NA
110402009,110402A,0.016,0.004,FALSE,0.008,0.001,35.649,1.461,-16.437,54.487,0.63,0.33,NA
110409179,110409A,0.009,0.002,FALSE,0.005,0.001,0.128,0.143,-0.192,0.064,0.61,0.38,NA
110410133,110410A,1.210,NA,TRUE,0.184,0.016,61.952,1.379,-22.963,64.373,0.72,0.27,NA
110410772,110410B,0.282,NA,TRUE,0.155,0.013,8.064,1.368,-8.730,7.310,0.5,0.55,NA
110411629,110411B,4.331,NA,TRUE,0.439,0.038,23.552,1.950,-15.504,31.340,1.11,0.25,NA
110412315,110412A,3.645,0.307,FALSE,1.043,0.090,20.733,4.636,-3.014,30.966,0.54,0.15,NA
110413938,110413A,0.844,NA,TRUE,0.184,0.016,54.272,2.172,-24.129,70.283,1.02,0.76,NA
110415541,110415A,0.426,0.186,FALSE,0.219,0.019,166.146,0.810,-81.989,248.629,0.44,0.23,NA
110420946,110420B,0.012,NA,TRUE,0.003,0.001,0.128,0.516,-0.128,0.128,0.97,0.52,NA
110421757,110421A,0.197,NA,TRUE,0.039,0.003,40.449,0.923,-16.443,47.857,0.25,0.17,NA
110422029,110422B,0.025,0.005,FALSE,0.011,0.001,0.320,0.453,-0.267,0.286,0.83,0.38,NA
110424758,110424A,0.029,0.004,FALSE,0.011,0.001,0.672,1.120,-0.356,0.944,1.01,0.4,NA
110426629,110426A,3.890,0.476,FALSE,1.241,0.108,356.357,4.345,-5.933,370.949,0.38,0.12,NA
110428338,110428B,0.207,NA,TRUE,0.065,0.006,101.634,2.919,-53.761,54.151,0.35,0.2,NA
110430375,110430A,1.158,0.154,FALSE,0.310,0.027,32.513,1.717,-3.376,49.598,0.29,0.08,NA
110503145,110503B,0.577,NA,TRUE,0.219,0.019,7.936,1.145,-4.192,11.648,0.26,0.2,NA
110505203,110505A,0.209,NA,TRUE,0.078,0.007,4.096,0.545,-2.420,5.740,0.26,0.21,NA
110509142,110509A,4.423,0.997,FALSE,1.755,0.152,68.864,2.757,-25.701,78.966,0.51,0.2,NA
110509475,110509B,0.031,NA,TRUE,0.008,0.001,0.640,0.779,-0.637,0.637,0.87,0.45,NA
110511616,110511A,0.665,NA,TRUE,0.369,0.032,5.888,1.639,-5.479,6.223,0.48,0.54,NA
110517453,110517A,0.042,0.021,FALSE,0.027,0.002,0.576,1.810,-0.352,0.796,0.67,0.43,NA
110517573,110517A,0.068,NA,TRUE,0.014,0.001,23.040,0.362,-11.661,34.189,0.34,0.21,NA
110520302,110520B,1.089,0.434,FALSE,0.738,0.064,12.288,11.337,-16.583,7.855,0.64,0.43,NA
110521478,110521B,0.482,0.038,FALSE,0.130,0.011,6.141,0.809,-3.037,9.181,0.6,0.16,NA
110522256,110522A,4.687,NA,TRUE,1.476,0.128,28.160,2.673,-22.654,33.384,0.44,0.24,NA
110522296,110522B,1.063,NA,TRUE,0.261,0.023,27.136,1.950,-18.502,35.467,0.85,0.41,NA
110522633,110522C,0.365,NA,TRUE,0.078,0.007,58.112,2.828,-13.153,86.779,0.57,0.24,NA
110523344,110523A,0.525,NA,TRUE,0.130,0.011,44.544,2.611,-23.437,65.197,0.51,0.24,NA
110526715,110526A,0.018,0.011,FALSE,0.011,0.001,0.448,0.528,-0.349,0.544,0.41,0.26,NA
110528624,110528A,0.739,NA,TRUE,0.261,0.023,69.633,5.526,-16.318,103.428,0.4,0.33,NA
110529034,110529A,0.014,NA,TRUE,0.003,0.001,0.512,0.091,-0.382,0.637,0.45,0.2,NA
110529262,110529B,0.118,0.023,FALSE,0.033,0.003,45.825,1.810,-22.591,53.012,0.41,0.11,NA
110529811,110529C,4.650,NA,TRUE,1.043,0.090,34.817,4.636,-19.803,49.449,0.52,0.19,NA
110531448,110531A,3.878,NA,TRUE,1.043,0.090,38.656,2.360,-15.335,53.058,0.54,0.2,NA
110601681,110601A,0.162,NA,TRUE,0.033,0.003,52.206,13.350,-25.910,77.968,0.87,0.47,NA
110605183,110605A,2.272,0.075,FALSE,0.369,0.032,82.689,3.083,-19.503,114.439,0.52,0.08,NA
110605780,110605B,0.330,0.072,FALSE,0.155,0.013,1.536,1.056,-1.009,2.046,0.8,0.38,NA
110609185,110609A,0.791,0.375,FALSE,0.522,0.045,9.984,4.471,-8.272,9.792,0.7,0.46,NA
110609425,110609B,0.785,NA,TRUE,0.310,0.027,33.024,2.896,-23.015,28.166,0.49,0.44,NA
110610640,110610A,0.136,NA,TRUE,0.055,0.005,43.521,2.862,-15.860,59.429,0.24,0.22,NA
110613631,110613A,2.594,1.358,FALSE,1.755,0.152,40.193,3.874,-20.249,59.709,0.41,0.28,NA
110616648,110616A,2.209,0.932,FALSE,1.476,0.128,12.544,2.611,-10.819,12.254,0.55,0.37,NA
110618366,110618A,12.874,0.363,FALSE,1.755,0.152,163.843,11.406,-59.600,241.866,0.54,0.07,NA
110622158,110622A,0.522,0.600,FALSE,0.261,0.023,70.401,0.773,-8.228,106.524,0.1,0.05,NA
110624906,110624A,1.128,NA,TRUE,0.310,0.027,3.520,4.948,-3.022,3.982,0.87,0.56,NA
110625579,110625B,4.195,NA,TRUE,0.620,0.054,35.584,1.846,-18.128,52.676,0.58,0.14,NA
110625881,110625A,0.101,0.012,FALSE,0.027,0.002,26.881,0.572,-0.865,43.756,0.19,0.05,NA
110626448,110626A,0.827,0.111,FALSE,0.310,0.027,6.400,1.145,-3.936,8.800,0.55,0.21,NA
110629174,110629A,0.062,0.034,FALSE,0.039,0.003,61.694,18.690,-0.319,92.201,0.51,0.32,NA
110702187,110702A,0.165,0.064,FALSE,0.110,0.010,34.369,5.736,-27.769,40.607,0.42,0.28,NA
110703557,110703A,0.296,NA,TRUE,0.092,0.008,6.720,1.619,-7.550,5.822,0.41,0.2,NA
110705151,110705A,0.007,0.004,FALSE,0.004,0.001,0.192,0.036,-0.112,0.272,0.43,0.22,NA
110705364,110705B,0.233,NA,TRUE,0.055,0.005,19.200,0.923,-3.872,28.960,0.54,0.23,NA
110706202,110706A,0.372,NA,TRUE,0.130,0.011,12.032,4.382,-7.498,16.422,0.4,0.33,NA
110706477,110706B,0.968,0.523,FALSE,0.620,0.054,73.217,14.612,-27.027,106.197,0.21,0.13,NA
110706728,110706C,0.104,NA,TRUE,0.046,0.004,16.896,6.339,-8.244,25.348,0.36,0.32,NA
110706977,110706D,0.272,0.171,FALSE,0.184,0.016,33.216,4.007,-20.431,31.693,0.18,0.12,NA
110709463,110709C,0.406,0.023,FALSE,0.092,0.008,24.061,0.722,-11.908,35.972,0.5,0.11,NA
110709642,110709A,0.113,0.043,FALSE,0.055,0.005,43.201,0.405,-11.473,64.127,0.31,0.15,NA
110709862,110709D,0.903,NA,TRUE,0.310,0.027,5.376,1.493,-4.461,6.259,0.48,0.3,NA
110710954,110710A,0.101,0.031,FALSE,0.046,0.004,22.720,1.604,-11.265,24.405,0.41,0.18,NA
110716018,110716A,0.087,0.034,FALSE,0.039,0.003,7.168,1.747,-6.624,7.624,0.43,0.19,NA
110717180,110717A,0.011,0.003,FALSE,0.005,0.001,0.112,0.072,-0.071,0.151,0.64,0.32,NA
110717319,110717B,0.143,0.066,FALSE,0.065,0.006,90.369,0.810,-19.022,112.904,0.17,0.08,NA
110720177,110720A,1.198,NA,TRUE,0.261,0.023,11.200,0.602,-5.672,16.616,0.41,0.11,NA
110721200,110721A,0.116,0.065,FALSE,0.055,0.005,21.822,0.572,-0.326,32.622,0.11,0.05,NA
110722694,110722A,2.514,NA,TRUE,0.439,0.038,73.473,11.404,-21.936,109.558,0.31,0.1,NA
110722710,110722B,1.041,NA,TRUE,0.310,0.027,14.336,2.721,-11.712,16.784,0.49,0.28,NA
110725236,110725A,0.335,NA,TRUE,0.078,0.007,20.224,1.056,-11.037,29.201,0.52,0.28,NA
110726211,110726B,0.297,0.068,FALSE,0.155,0.013,29.952,10.608,-16.674,40.811,0.47,0.24,NA
110728056,110728A,0.047,NA,TRUE,0.033,0.003,0.704,0.231,-0.177,0.921,0.76,0.99,NA
110729142,110729A,0.267,NA,TRUE,0.110,0.010,408.582,2.290,-69.423,410.662,0.19,0.17,NA
110730008,110730A,3.726,1.291,FALSE,1.755,0.152,28.416,2.919,-22.074,34.442,0.61,0.29,NA
110730660,110730B,0.557,0.189,FALSE,0.310,0.027,33.856,1.811,-23.117,37.457,0.39,0.22,NA
110731465,110731A,0.021,0.015,FALSE,0.014,0.001,7.485,0.572,-3.705,11.181,0.16,0.1,2.83
110801335,110801B,0.070,0.024,FALSE,0.039,0.003,0.384,0.326,-0.316,0.447,0.79,0.44,NA
110803783,110803A,2.303,NA,TRUE,0.522,0.045,186.883,2.986,-156.675,123.457,0.68,0.31,NA
110806934,110806A,0.404,NA,TRUE,0.130,0.011,28.416,0.923,-5.014,42.698,0.24,0.16,NA
110809461,110809A,0.245,0.086,FALSE,0.130,0.011,12.544,4.615,-10.563,14.391,0.32,0.17,NA
110812899,110812B,0.280,0.052,FALSE,0.155,0.013,11.264,3.727,-7.882,14.526,0.57,0.32,NA
110813237,110813A,0.497,0.164,FALSE,0.184,0.016,22.784,3.114,-13.001,32.331,0.3,0.11,NA
110817191,110817A,0.179,0.041,FALSE,0.078,0.007,5.949,0.572,-1.580,8.874,0.22,0.1,NA
110818860,110818A,2.791,NA,TRUE,0.522,0.045,67.073,3.916,-43.192,90.258,0.64,0.27,3.36
110819665,110819A,0.249,0.063,FALSE,0.130,0.011,16.384,6.149,-8.624,23.972,0.57,0.3,NA
110820476,110820C,1.134,0.172,FALSE,0.522,0.045,11.264,7.331,-9.674,12.734,0.7,0.32,NA
110824009,110824A,0.011,NA,TRUE,0.003,0.001,76.607,9.220,-2.685,114.513,0.26,0.18,NA
110825102,110825A,0.025,0.004,FALSE,0.007,0.001,62.465,0.231,-0.447,91.993,0.19,0.05,NA
110825265,110825B,3.304,NA,TRUE,0.877,0.076,51.073,3.389,-29.971,59.894,0.54,0.32,NA
110831282,110831A,0.987,NA,TRUE,0.155,0.013,98.881,3.138,-28.680,127.551,0.94,0.26,NA
110901230,110901A,0.384,0.267,FALSE,0.261,0.023,22.528,5.620,-13.205,25.979,0.42,0.29,NA
110903009,110903B,0.288,0.014,FALSE,0.078,0.007,28.672,2.429,-15.223,41.811,0.41,0.11,NA
110903111,110903A,0.210,NA,TRUE,0.055,0.005,341.254,2.288,-27.997,340.998,0.27,0.16,NA
110904124,110904A,0.233,NA,TRUE,0.078,0.007,83.905,3.853,-24.368,123.296,0.28,0.22,NA
110904163,110904B,0.327,NA,TRUE,0.110,0.010,51.457,4.128,-26.841,75.525,0.48,0.29,NA
110904531,110904C,1.471,0.708,FALSE,0.738,0.064,20.480,5.479,-12.698,28.058,0.27,0.13,NA
110906302,110906B,0.832,0.155,FALSE,0.310,0.027,23.936,2.550,-17.232,30.368,0.49,0.18,NA
110909116,110909A,0.279,0.067,FALSE,0.130,0.011,20.736,1.639,-22.560,18.672,0.66,0.31,NA
110911071,110911A,1.894,0.458,FALSE,1.241,0.108,8.960,4.352,-9.043,8.787,1.05,0.69,NA
110916016,110916A,0.681,0.123,FALSE,0.261,0.023,1.792,1.993,-2.301,1.277,0.96,0.37,NA
110919634,110919A,0.251,0.072,FALSE,0.130,0.011,35.073,3.974,-6.170,62.898,0.17,0.09,NA
110920338,110920A,0.337,0.188,FALSE,0.184,0.016,9.728,0.810,-5.331,11.095,0.38,0.21,NA
110920546,110920A,2.096,NA,TRUE,0.369,0.032,160.771,5.221,-2.659,191.860,0.14,0.04,NA
110921444,110921C,0.345,0.109,FALSE,0.219,0.019,149.507,10.691,-68.609,86.150,0.64,0.41,NA
110921577,110921A,1.497,NA,TRUE,0.877,0.076,40.705,1.810,-30.209,30.615,0.31,0.31,NA
110921912,110921B,0.024,0.010,FALSE,0.016,0.001,17.664,0.345,-7.850,27.294,0.21,0.14,NA
110923835,110923A,1.388,0.170,FALSE,0.439,0.038,46.398,11.279,-22.509,69.323,0.63,0.2,NA
110926107,110926A,0.605,0.253,FALSE,0.310,0.027,75.265,1.280,-18.385,89.990,0.27,0.14,NA
110928180,110928B,0.203,NA,TRUE,0.110,0.010,148.226,1.925,-192.673,91.909,0.2,0.23,NA
110929187,110929A,0.416,0.097,FALSE,0.184,0.016,5.120,0.572,-3.046,7.142,0.47,0.21,NA
110930564,110930A,6.368,0.798,FALSE,1.755,0.152,37.889,5.431,-25.519,49.862,0.71,0.2,NA
111001804,111001A,0.021,0.012,FALSE,0.014,0.001,0.384,1.361,-0.444,0.319,0.85,0.55,NA
111003465,111003A,0.415,0.027,FALSE,0.078,0.007,16.640,1.056,-7.725,25.389,0.31,0.06,NA
111005398,111005B,0.721,0.160,FALSE,0.439,0.038,30.720,3.093,-15.718,34.662,0.51,0.31,NA
111008992,111008B,12.204,NA,TRUE,2.087,0.181,42.496,4.128,-11.671,57.996,0.71,0.2,NA
111009282,111009A,1.073,NA,TRUE,0.184,0.016,20.736,4.221,-1.826,24.281,0.31,0.07,NA
111010237,111010A,4.084,1.659,FALSE,2.087,0.181,82.433,8.444,-29.758,119.422,0.4,0.21,NA
111010660,111010B,0.466,0.078,FALSE,0.155,0.013,8.704,2.111,-5.334,11.978,0.72,0.24,NA
111010709,111010C,0.918,0.299,FALSE,0.369,0.032,52.993,0.923,-12.740,75.736,0.34,0.14,NA
111010899,111010D,0.789,NA,TRUE,0.439,0.038,18.560,2.988,-23.919,10.417,0.44,0.46,NA
111011094,111011A,0.007,NA,TRUE,0.002,0.001,1.472,0.771,-0.799,2.136,0.67,0.43,NA
111012456,111012A,0.463,0.108,FALSE,0.184,0.016,20.736,0.724,-9.248,31.984,0.31,0.13,NA
111012811,111012B,0.050,0.012,FALSE,0.023,0.002,7.936,1.145,-4.448,11.392,0.29,0.13,NA
111015427,111015A,0.550,NA,TRUE,0.110,0.010,92.737,3.319,-21.640,137.838,0.63,0.21,NA
111017657,111017A,1.527,NA,TRUE,0.110,0.010,11.072,0.410,-5.231,16.779,0.68,0.06,NA
111018595,111018B,1.584,NA,TRUE,0.439,0.038,8.192,1.864,-4.829,11.449,0.9,0.37,NA
111018785,111018C,5.258,1.211,FALSE,2.951,0.256,29.697,1.810,-21.047,33.268,0.65,0.37,NA
111022854,111022C,0.035,NA,TRUE,0.008,0.001,0.192,0.707,-0.224,0.160,0.79,0.42,NA
111024722,111024B,0.250,NA,TRUE,0.039,0.003,68.609,2.896,-40.110,96.404,0.52,0.16,NA
111024896,111024C,0.038,0.010,FALSE,0.023,0.002,1.792,1.846,-0.490,2.429,0.99,0.6,NA
111025078,111025A,5.390,NA,TRUE,1.241,0.108,51.712,2.202,-20.322,76.874,0.76,0.39,NA
111103441,111103A,0.138,0.037,FALSE,0.078,0.007,11.968,6.426,-6.056,17.744,0.44,0.25,NA
111103948,111103C,0.018,0.006,FALSE,0.011,0.001,0.320,0.181,-0.222,0.414,0.71,0.45,NA
111105457,111105A,0.241,0.060,FALSE,0.092,0.008,43.520,0.572,-19.655,35.180,0.78,0.3,NA
111107035,111107A,3.425,0.439,FALSE,1.476,0.128,12.032,0.923,-7.498,16.422,0.89,0.38,2.893
111107076,111107B,1.089,0.282,FALSE,0.620,0.054,77.185,0.810,-29.068,93.648,0.43,0.24,NA
111109453,111109B,0.981,NA,TRUE,0.310,0.027,4.864,2.757,-4.581,4.702,0.57,0.47,NA
111109873,111109C,3.936,NA,TRUE,0.620,0.054,9.664,6.457,-9.394,9.830,1.09,0.28,NA
111112908,111112A,0.023,NA,TRUE,0.005,0.001,0.192,0.091,-0.160,0.224,0.65,0.26,NA
111113410,111113B,0.395,0.093,FALSE,0.155,0.013,15.360,1.639,-8.627,21.478,0.39,0.15,NA
111114233,111114A,0.801,0.398,FALSE,0.522,0.045,22.016,2.673,-7.378,28.702,0.58,0.38,NA
111117510,111117A,0.009,0.003,FALSE,0.004,0.001,0.576,0.143,-0.416,0.732,0.7,0.34,NA
111117526,111117B,2.730,NA,TRUE,1.043,0.090,23.808,1.717,-13.069,34.293,0.49,0.34,NA
111120556,111120A,2.860,NA,TRUE,0.369,0.032,98.626,2.970,-27.729,84.697,0.5,0.14,NA
111124308,111124A,1.964,0.185,FALSE,0.877,0.076,8.960,3.114,-5.203,12.538,0.89,0.4,NA
111127810,111127A,0.166,0.130,FALSE,0.110,0.010,19.008,2.548,-10.181,27.249,0.15,0.1,NA
111201599,111201A,2.912,0.897,FALSE,1.476,0.128,16.896,3.974,-6.956,23.428,0.59,0.3,NA
111203054,111203A,0.143,0.060,FALSE,0.092,0.008,55.553,5.684,-44.545,16.940,0.28,0.18,NA
111203609,111203B,1.124,0.622,FALSE,0.738,0.064,22.016,6.734,-13.722,30.058,0.51,0.34,NA
111208353,111208A,5.394,0.408,FALSE,1.476,0.128,40.961,4.345,-24.415,53.819,0.6,0.16,NA
111216389,111216A,0.087,0.027,FALSE,0.046,0.004,83.777,0.500,-18.851,105.951,0.37,0.19,NA
111220486,111220A,0.051,0.008,FALSE,0.016,0.001,39.041,5.101,-6.318,49.900,0.23,0.07,NA
111221739,111221A,0.018,0.006,FALSE,0.011,0.001,27.136,7.186,-13.952,40.016,0.42,0.27,NA
111222619,111222A,0.007,0.001,FALSE,0.003,0.001,0.320,0.143,-0.222,0.414,0.76,0.34,NA
111226795,111226A,4.661,NA,TRUE,0.877,0.076,74.753,8.749,-25.023,93.066,0.33,0.1,NA
111228453,111228B,0.775,0.011,FALSE,0.092,0.008,2.944,0.979,-1.363,4.487,0.68,0.08,NA
111228657,111228A,0.085,NA,TRUE,0.033,0.003,99.842,2.111,-49.409,78.603,0.18,0.12,0.714
111230683,111230A,0.246,NA,TRUE,0.065,0.006,28.160,1.557,-26.692,29.347,0.52,0.41,NA
111230819,111230B,0.108,NA,TRUE,0.033,0.003,12.736,1.145,-6.952,18.360,0.56,0.32,NA
120101354,120101A,0.103,NA,TRUE,0.016,0.001,0.128,0.072,-0.160,0.096,1.44,0.45,NA
120102095,120102A,0.338,0.023,FALSE,0.092,0.008,28.417,8.204,-25.674,29.990,0.47,0.13,NA
120102416,120102B,0.597,0.272,FALSE,0.369,0.032,20.224,2.769,-20.335,19.903,0.4,0.25,NA
120105584,120105A,1.909,NA,TRUE,0.439,0.038,22.528,2.202,-19.408,25.407,0.53,0.24,NA
120107384,120107A,0.060,NA,TRUE,0.027,0.002,23.040,0.143,-11.341,34.509,0.25,0.24,NA
120109824,120109A,3.875,1.183,FALSE,1.476,0.128,38.656,3.114,-21.079,55.815,0.69,0.26,NA
120111051,120111A,5.451,2.729,FALSE,2.482,0.215,76.801,5.515,-26.410,104.150,0.45,0.2,NA
120114433,120114B,0.688,0.159,FALSE,0.369,0.032,2.752,1.569,-0.263,3.984,1.06,0.57,NA
120114681,120114A,1.346,1.016,FALSE,0.877,0.076,43.264,5.804,-29.369,56.718,0.37,0.24,NA
120118709,120118B,1.410,0.482,FALSE,0.738,0.064,37.825,12.586,-22.152,53.109,0.33,0.17,2.943
120118898,120118C,0.168,NA,TRUE,0.027,0.002,17.152,2.111,-9.180,25.100,0.58,0.17,NA
120119170,120119A,0.463,NA,TRUE,0.078,0.007,55.297,6.229,-15.904,85.811,0.33,0.09,1.728
120119229,120119B,0.083,0.030,FALSE,0.055,0.005,41.728,1.557,-20.692,62.330,0.44,0.29,NA
120119354,120119C,0.464,0.057,FALSE,0.219,0.019,16.384,1.493,-16.048,16.548,0.61,0.29,NA
120120432,120120A,8.745,NA,TRUE,1.241,0.108,32.256,6.481,-15.893,48.265,1.09,0.28,NA
120121101,120121B,1.305,NA,TRUE,0.439,0.038,18.432,3.727,-12.458,24.198,0.38,0.22,NA
120121251,120121C,1.648,NA,TRUE,0.310,0.027,37.121,11.876,-23.877,49.992,0.28,0.09,NA
120122300,120122A,0.576,0.147,FALSE,0.310,0.027,16.701,1.881,-8.264,24.968,0.48,0.26,NA
120129312,120129B,0.276,0.030,FALSE,0.130,0.011,1.280,0.689,-1.274,1.274,1.05,0.49,NA
120129580,120129A,0.047,0.015,FALSE,0.011,0.001,3.072,0.362,-0.870,4.913,0.15,0.04,NA
120130699,120130A,0.168,0.027,FALSE,0.092,0.008,27.777,0.694,-7.181,40.844,0.44,0.24,NA
120130906,120130B,0.354,0.135,FALSE,0.219,0.019,3.584,1.379,-3.056,3.961,0.51,0.32,NA
120130938,120130C,1.482,NA,TRUE,0.369,0.032,38.913,7.455,-24.417,52.994,0.3,0.15,NA
120203812,120203A,1.382,0.211,FALSE,0.439,0.038,10.240,2.429,-9.933,10.445,0.8,0.25,NA
120204054,120204A,0.213,NA,TRUE,0.078,0.007,49.089,0.429,-14.128,83.542,0.05,0.04,NA
120205285,120205A,0.121,0.055,FALSE,0.078,0.007,0.576,0.272,-0.864,0.284,0.96,0.61,NA
120206949,120206A,0.074,0.015,FALSE,0.039,0.003,9.472,3.338,-4.951,13.875,0.33,0.17,NA
120210650,120210A,0.084,0.024,FALSE,0.039,0.003,1.344,0.264,-0.731,1.949,0.48,0.22,NA
120212353,120212B,0.050,0.015,FALSE,0.023,0.002,0.864,0.577,-1.262,0.458,0.93,0.43,NA
120212383,120212A,1.378,0.169,FALSE,0.522,0.045,9.216,0.724,-6.618,11.690,0.66,0.25,NA
120213606,120213B,0.116,0.025,FALSE,0.065,0.006,13.824,3.328,-9.917,17.585,0.53,0.3,NA
120217808,120217A,0.415,0.060,FALSE,0.155,0.013,5.888,2.862,-3.431,8.271,0.59,0.22,NA
120217904,120217B,0.050,NA,TRUE,0.011,0.001,2.624,0.300,-1.525,3.689,0.29,0.12,NA
120218276,120218B,0.991,0.330,FALSE,0.620,0.054,256.260,5.221,-212.996,61.708,0.45,0.28,NA
120219563,120219B,0.690,NA,TRUE,0.439,0.038,8.128,0.429,-5.179,10.979,0.61,0.69,NA
120220210,120220A,2.436,NA,TRUE,1.043,0.090,21.248,1.639,-15.898,26.370,0.4,0.39,NA
120222021,120222A,0.042,0.014,FALSE,0.019,0.002,1.088,0.143,-0.607,1.359,0.29,0.13,NA
120222119,120222A,5.529,0.464,FALSE,1.755,0.152,29.440,5.382,-19.576,39.009,0.78,0.25,NA
120223933,120223A,1.565,NA,TRUE,0.184,0.016,14.336,2.360,-7.616,20.880,0.85,0.19,NA
120224282,120224B,0.957,NA,TRUE,0.261,0.023,60.929,3.093,-28.461,79.976,0.34,0.22,NA
120224898,120224C,0.207,NA,TRUE,0.078,0.007,29.184,4.222,-14.192,43.876,0.65,0.55,NA
120226447,120226B,0.074,0.016,FALSE,0.046,0.004,14.592,3.916,-10.493,18.521,0.7,0.44,NA
120226871,120226A,0.147,0.055,FALSE,0.078,0.007,52.993,0.572,-15.347,83.726,0.17,0.09,NA
120227391,120227A,0.106,0.036,FALSE,0.065,0.006,19.712,1.717,-10.531,28.671,0.93,0.57,NA
120227725,120227B,0.175,0.061,FALSE,0.092,0.008,17.408,0.810,-8.365,26.261,0.27,0.14,NA
120302080,120302A,1.418,NA,TRUE,0.261,0.023,80.384,16.927,-29.100,120.406,1.18,0.69,NA
120302722,120302B,0.134,NA,TRUE,0.046,0.004,1.600,0.779,-0.856,2.264,0.86,0.74,NA
120304061,120304A,0.677,0.014,FALSE,0.130,0.011,9.984,1.055,-5.200,14.660,0.5,0.1,NA
120304248,120304B,0.018,0.005,FALSE,0.010,0.001,5.376,0.572,-2.925,7.795,0.62,0.33,NA
120308588,120308B,0.311,NA,TRUE,0.078,0.007,25.600,1.557,-27.529,16.759,0.56,0.2,NA
120312671,120312A,1.314,0.587,FALSE,0.738,0.064,13.312,3.167,-8.643,17.823,0.55,0.31,NA
120314412,120314A,0.201,NA,TRUE,0.078,0.007,1.280,1.086,-1.914,0.634,0.65,0.51,NA
120316008,120316A,0.155,NA,TRUE,0.027,0.002,26.624,0.362,-11.645,41.329,0.73,0.25,NA
120319983,120319A,0.741,NA,TRUE,0.219,0.019,72.448,7.832,-9.467,91.224,0.66,0.49,NA
120323162,120323B,0.275,NA,TRUE,0.065,0.006,4.352,0.724,-2.928,5.752,0.53,0.24,NA
120323507,120323A,0.013,0.001,FALSE,0.004,0.001,0.448,0.091,-0.285,0.608,0.27,0.08,NA
120326056,120326A,0.974,0.140,FALSE,0.219,0.019,11.776,1.810,-6.176,16.285,0.38,0.08,1.798
120327418,120327B,0.026,0.012,FALSE,0.016,0.001,0.256,1.319,-0.320,0.192,0.77,0.48,NA
120328268,120328B,0.094,0.045,FALSE,0.055,0.005,29.697,1.056,-2.055,48.104,0.09,0.05,NA
120331055,120331A,0.015,0.005,FALSE,0.007,0.001,16.384,10.367,-5.031,21.668,0.62,0.28,NA
120402669,120402B,0.624,NA,TRUE,0.110,0.010,20.224,0.810,-12.093,28.145,0.45,0.11,NA
120403857,120403B,1.345,NA,TRUE,0.261,0.023,4.288,1.935,-6.095,2.423,1.3,0.42,NA
120410585,120410A,0.059,NA,TRUE,0.014,0.001,1.088,1.180,-1.567,0.604,0.87,0.37,NA
120411925,120411A,0.060,0.018,FALSE,0.033,0.003,38.912,1.493,-19.133,58.278,0.81,0.44,NA
120412055,120412A,2.242,NA,TRUE,0.522,0.045,9.728,3.566,-8.915,10.427,0.85,0.42,NA
120412920,120412B,0.476,NA,TRUE,0.130,0.011,101.182,4.871,-0.743,151.027,0.39,0.18,NA
120415076,120415A,0.978,0.116,FALSE,0.369,0.032,12.544,4.128,-6.723,18.231,0.57,0.21,NA
120415891,120415B,0.046,NA,TRUE,0.014,0.001,0.960,0.264,-0.731,1.179,0.52,0.44,NA
120415958,120415C,1.156,0.777,FALSE,0.620,0.054,12.544,1.717,-10.563,14.391,0.41,0.22,NA
120420249,120420A,2.318,0.291,FALSE,0.738,0.064,25.600,4.419,-3.712,37.504,0.57,0.18,NA
120420858,120420B,1.615,0.698,FALSE,0.877,0.076,254.913,4.222,-21.676,296.948,0.38,0.21,NA
120426090,120426A,0.192,NA,TRUE,0.027,0.002,2.880,0.181,-1.202,4.530,0.27,0.05,NA
120426585,120426B,1.620,0.878,FALSE,0.738,0.064,30.973,3.620,-15.423,46.187,0.35,0.16,NA
120427054,120427A,0.894,NA,TRUE,0.110,0.010,5.632,0.572,-0.964,8.702,0.54,0.09,NA
120427153,120427B,2.693,0.710,FALSE,1.476,0.128,22.784,1.999,-9.939,31.748,1.01,0.55,NA
120429003,120429A,0.182,NA,TRUE,0.092,0.008,1.664,0.968,-1.018,2.302,0.49,0.53,NA
120429484,120429B,0.773,NA,TRUE,0.130,0.011,15.360,1.619,-5.555,21.939,0.52,0.27,NA
120430980,120430A,1.624,NA,TRUE,0.439,0.038,14.592,2.172,-9.533,19.481,0.85,0.46,NA
120504468,120504A,3.667,0.553,FALSE,1.755,0.152,41.985,2.673,-12.406,62.318,0.53,0.25,NA
120504945,120504B,0.120,0.026,FALSE,0.065,0.006,5.760,0.779,-5.155,6.307,1.06,0.58,NA
120506128,120506A,0.675,0.175,FALSE,0.369,0.032,2.304,1.379,-1.933,2.666,0.76,0.41,NA
120509619,120509A,0.027,NA,TRUE,0.014,0.001,0.704,1.404,-0.542,0.766,0.75,0.79,NA
120510900,120510B,7.403,NA,TRUE,1.241,0.108,62.465,3.908,-29.160,82.643,0.65,0.23,NA
120511638,120511A,0.528,NA,TRUE,0.130,0.011,45.249,2.940,-22.414,67.613,0.75,0.43,NA
120512112,120512A,0.123,0.048,FALSE,0.078,0.007,18.176,1.350,-2.265,27.517,0.18,0.12,NA
120513531,120513A,0.348,0.121,FALSE,0.219,0.019,23.808,0.923,-12.301,35.061,0.67,0.42,NA
120519721,120519A,0.060,0.026,FALSE,0.033,0.003,0.960,0.202,-0.603,1.307,0.39,0.21,NA
120520949,120520A,0.398,0.090,FALSE,0.184,0.016,5.760,1.356,-7.587,3.875,0.7,0.32,NA
120521380,120521B,3.757,1.182,FALSE,1.755,0.152,91.134,4.222,-26.803,136.302,0.62,0.29,NA
120522361,120522B,0.239,0.090,FALSE,0.130,0.011,28.160,8.039,-12.922,30.445,0.26,0.14,NA
120524134,120524A,0.024,0.004,FALSE,0.014,0.001,0.704,0.466,-0.478,0.921,0.81,0.46,NA
120526303,120526A,0.327,NA,TRUE,0.055,0.005,43.649,1.002,-2.392,68.305,0.44,0.23,NA
120528442,120528A,0.682,NA,TRUE,0.219,0.019,16.384,5.177,-8.880,23.716,0.26,0.19,NA
120530121,120530A,1.136,NA,TRUE,0.219,0.019,77.054,1.810,-2.763,115.108,0.36,0.15,NA
120531393,120531A,6.901,NA,TRUE,1.241,0.108,25.344,7.186,-15.363,35.063,0.98,0.36,NA
120603439,120603A,0.030,0.021,FALSE,0.019,0.002,0.384,0.345,-0.252,0.511,0.4,0.26,NA
120604220,120604A,0.143,0.017,FALSE,0.065,0.006,10.496,5.615,-3.094,12.836,0.92,0.42,NA
120604343,120604B,4.706,0.283,FALSE,1.476,0.128,12.032,3.278,-8.522,15.398,0.89,0.28,NA
120605453,120605A,0.461,0.029,FALSE,0.130,0.011,18.112,1.086,-1.466,26.407,0.69,0.19,NA
120608489,120608A,0.066,NA,TRUE,0.039,0.003,0.960,1.611,-0.667,1.243,0.53,0.53,NA
120608777,120608B,0.278,0.088,FALSE,0.184,0.016,24.832,3.840,-24.250,22.907,0.47,0.32,NA
120609580,120609A,0.243,0.152,FALSE,0.155,0.013,1.792,0.810,-1.661,1.917,0.5,0.32,NA
120611108,120611A,0.444,NA,TRUE,0.046,0.004,49.921,1.639,-21.305,54.573,1.11,0.27,NA
120612680,120612B,1.587,0.654,FALSE,1.043,0.090,63.232,7.886,-27.128,67.702,0.54,0.35,NA
120612687,120612C,0.060,0.012,FALSE,0.027,0.002,0.256,0.453,-0.320,0.192,0.7,0.32,NA
120616630,120616A,0.006,0.003,FALSE,0.004,0.001,0.048,0.484,-0.072,0.024,0.74,0.53,NA
120618128,120618A,1.323,0.146,FALSE,0.439,0.038,17.600,1.820,-8.840,26.184,0.44,0.15,NA
120618919,120618B,0.142,0.061,FALSE,0.078,0.007,47.616,12.299,-33.467,42.693,0.65,0.36,NA
120619884,120619A,0.454,NA,TRUE,0.092,0.008,0.960,0.960,-0.731,1.179,1.18,0.4,NA
120624309,120624A,0.016,NA,TRUE,0.003,0.001,0.640,0.160,-0.381,0.893,0.27,0.13,NA
120624933,120624B,0.129,NA,TRUE,0.033,0.003,271.364,4.580,-257.028,148.171,0.19,0.1,NA
120625119,120625A,0.149,NA,TRUE,0.039,0.003,7.424,0.571,-3.933,10.833,0.21,0.12,NA
120629565,120629A,0.147,0.027,FALSE,0.078,0.007,0.704,1.026,-0.734,0.665,0.94,0.5,NA
120701654,120701B,0.224,NA,TRUE,0.130,0.011,1.024,1.451,-1.469,0.571,0.83,0.97,NA
120703417,120703B,1.189,NA,TRUE,0.219,0.019,64.513,3.083,-24.555,85.095,0.28,0.09,NA
120703498,120703C,2.220,0.413,FALSE,1.043,0.090,77.568,2.187,-30.871,96.327,0.65,0.3,NA
120703726,120703A,0.058,0.043,FALSE,0.033,0.003,8.960,1.379,-3.667,14.163,0.16,0.09,NA
120707800,120707A,0.061,0.025,FALSE,0.039,0.003,40.960,4.238,-18.276,62.825,0.17,0.11,NA
120709883,120709A,0.069,NA,TRUE,0.014,0.001,27.328,0.958,-13.933,40.707,0.55,0.17,NA
120710100,120710A,0.670,0.517,FALSE,0.439,0.038,131.840,1.056,-7.875,155.607,0.22,0.15,NA
120711115,120711A,0.075,NA,TRUE,0.011,0.001,44.033,0.724,57.830,128.262,0.5,0.13,NA
120711446,120711C,1.139,0.260,FALSE,0.522,0.045,87.552,3.874,-32.427,123.394,0.9,0.41,NA